starting_point_id,unix_time,year,month,day,hour,minute,second,demand,under_staffing_penalty,over_staffing_penalty
25022,1627264800,2021,7,26,4,0,0,0,0.75,2.5
25022,1627265700,2021,7,26,4,15,0,0,0.75,2.5
25022,1627266600,2021,7,26,4,30,0,0,0.75,2.5
25022,1627267500,2021,7,26,4,45,0,0,0.75,2.5
25022,1627268400,2021,7,26,5,0,0,0,0.75,2.5
25022,1627269300,2021,7,26,5,15,0,0,0.75,2.5
25022,1627270200,2021,7,26,5,30,0,0,0.75,2.5
25022,1627271100,2021,7,26,5,45,0,0,0.75,2.5
25022,1627272000,2021,7,26,6,0,0,0,0.75,2.5
25022,1627272900,2021,7,26,6,15,0,0,0.75,2.5
25022,1627273800,2021,7,26,6,30,0,0,0.75,2.5
25022,1627274700,2021,7,26,6,45,0,0,0.75,2.5
25022,1627275600,2021,7,26,7,0,0,0,0.75,2.5
25022,1627276500,2021,7,26,7,15,0,0,0.75,2.5
25022,1627277400,2021,7,26,7,30,0,0,0.75,2.5
25022,1627278300,2021,7,26,7,45,0,0,0.75,2.5
25022,1627279200,2021,7,26,8,0,0,0,0.75,2.5
25022,1627280100,2021,7,26,8,15,0,0,0.75,2.5
25022,1627281000,2021,7,26,8,30,0,0,0.75,2.5
25022,1627281900,2021,7,26,8,45,0,0,0.75,2.5
25022,1627282800,2021,7,26,9,0,0,0,0.75,2.5
25022,1627283700,2021,7,26,9,15,0,0,0.75,2.5
25022,1627284600,2021,7,26,9,30,0,0,0.75,2.5
25022,1627285500,2021,7,26,9,45,0,0,0.75,2.5
25022,1627286400,2021,7,26,10,0,0,0,0.75,2.5
25022,1627287300,2021,7,26,10,15,0,0,0.75,2.5
25022,1627288200,2021,7,26,10,30,0,1,0.75,2.5
25022,1627289100,2021,7,26,10,45,0,1,0.75,2.5
25022,1627290000,2021,7,26,11,0,0,1,0.880434783,2.413043478
25022,1627290900,2021,7,26,11,15,0,1,0.880434783,2.413043478
25022,1627291800,2021,7,26,11,30,0,1,1.27173913,2.152173913
25022,1627292700,2021,7,26,11,45,0,1,1.402173913,2.065217391
25022,1627293600,2021,7,26,12,0,0,1,1.663043478,1.891304348
25022,1627294500,2021,7,26,12,15,0,1,1.663043478,1.891304348
25022,1627295400,2021,7,26,12,30,0,1,1.663043478,1.891304348
25022,1627296300,2021,7,26,12,45,0,1,1.793478261,1.804347826
25022,1627297200,2021,7,26,13,0,0,2,1.793478261,1.804347826
25022,1627298100,2021,7,26,13,15,0,2,1.793478261,1.804347826
25022,1627299000,2021,7,26,13,30,0,1,1.27173913,2.152173913
25022,1627299900,2021,7,26,13,45,0,1,1.27173913,2.152173913
25022,1627300800,2021,7,26,14,0,0,1,1.402173913,2.065217391
25022,1627301700,2021,7,26,14,15,0,1,1.532608696,1.97826087
25022,1627302600,2021,7,26,14,30,0,1,1.27173913,2.152173913
25022,1627303500,2021,7,26,14,45,0,1,1.27173913,2.152173913
25022,1627304400,2021,7,26,15,0,0,2,1.663043478,1.891304348
25022,1627305300,2021,7,26,15,15,0,2,1.663043478,1.891304348
25022,1627306200,2021,7,26,15,30,0,1,1.402173913,2.065217391
25022,1627307100,2021,7,26,15,45,0,1,1.532608696,1.97826087
25022,1627308000,2021,7,26,16,0,0,2,1.923913043,1.717391304
25022,1627308900,2021,7,26,16,15,0,2,2.054347826,1.630434783
25022,1627309800,2021,7,26,16,30,0,2,2.184782609,1.543478261
25022,1627310700,2021,7,26,16,45,0,3,2.576086957,1.282608696
25022,1627311600,2021,7,26,17,0,0,3,3.097826087,0.934782609
25022,1627312500,2021,7,26,17,15,0,3,3.358695652,0.760869565
25022,1627313400,2021,7,26,17,30,0,3,3.358695652,0.760869565
25022,1627314300,2021,7,26,17,45,0,3,3.358695652,0.760869565
25022,1627315200,2021,7,26,18,0,0,4,3.75,0.5
25022,1627316100,2021,7,26,18,15,0,4,3.75,0.5
25022,1627317000,2021,7,26,18,30,0,4,3.75,0.5
25022,1627317900,2021,7,26,18,45,0,4,3.75,0.5
25022,1627318800,2021,7,26,19,0,0,4,3.619565217,0.586956522
25022,1627319700,2021,7,26,19,15,0,4,3.619565217,0.586956522
25022,1627320600,2021,7,26,19,30,0,4,3.489130435,0.673913043
25022,1627321500,2021,7,26,19,45,0,4,3.489130435,0.673913043
25022,1627322400,2021,7,26,20,0,0,4,3.358695652,0.760869565
25022,1627323300,2021,7,26,20,15,0,3,2.576086957,1.282608696
25022,1627324200,2021,7,26,20,30,0,3,2.576086957,1.282608696
25022,1627325100,2021,7,26,20,45,0,2,1.793478261,1.804347826
25022,1627326000,2021,7,26,21,0,0,2,1.793478261,1.804347826
25022,1627326900,2021,7,26,21,15,0,1,1.402173913,2.065217391
25022,1627327800,2021,7,26,21,30,0,1,1.27173913,2.152173913
25022,1627328700,2021,7,26,21,45,0,1,1.27173913,2.152173913
25022,1627329600,2021,7,26,22,0,0,1,0.75,2.5
25022,1627330500,2021,7,26,22,15,0,1,0.75,2.5
25022,1627331400,2021,7,26,22,30,0,0,0.75,2.5
25022,1627332300,2021,7,26,22,45,0,0,0.75,2.5
25022,1627333200,2021,7,26,23,0,0,0,0.75,2.5
25022,1627334100,2021,7,26,23,15,0,0,0.75,2.5
25022,1627335000,2021,7,26,23,30,0,0,0.75,2.5
25022,1627335900,2021,7,26,23,45,0,0,0.75,2.5
25022,1627336800,2021,7,27,0,0,0,0,0.75,2.5
25022,1627337700,2021,7,27,0,15,0,0,0.75,2.5
25022,1627338600,2021,7,27,0,30,0,0,0.75,2.5
25022,1627339500,2021,7,27,0,45,0,0,0.75,2.5
25022,1627340400,2021,7,27,1,0,0,0,0.75,2.5
25022,1627341300,2021,7,27,1,15,0,0,0.75,2.5
25022,1627342200,2021,7,27,1,30,0,0,0.75,2.5
25022,1627343100,2021,7,27,1,45,0,0,0.75,2.5
25022,1627344000,2021,7,27,2,0,0,0,0.75,2.5
25022,1627344900,2021,7,27,2,15,0,0,0.75,2.5
25022,1627345800,2021,7,27,2,30,0,0,0.75,2.5
25022,1627346700,2021,7,27,2,45,0,0,0.75,2.5
25022,1627347600,2021,7,27,3,0,0,0,0.75,2.5
25022,1627348500,2021,7,27,3,15,0,0,0.75,2.5
25022,1627349400,2021,7,27,3,30,0,0,0.75,2.5
25022,1627350300,2021,7,27,3,45,0,0,0.75,2.5
25022,1627351200,2021,7,27,4,0,0,0,0.75,2.5
25022,1627352100,2021,7,27,4,15,0,0,0.75,2.5
25022,1627353000,2021,7,27,4,30,0,0,0.75,2.5
25022,1627353900,2021,7,27,4,45,0,0,0.75,2.5
25022,1627354800,2021,7,27,5,0,0,0,0.75,2.5
25022,1627355700,2021,7,27,5,15,0,0,0.75,2.5
25022,1627356600,2021,7,27,5,30,0,0,0.75,2.5
25022,1627357500,2021,7,27,5,45,0,0,0.75,2.5
25022,1627358400,2021,7,27,6,0,0,0,0.75,2.5
25022,1627359300,2021,7,27,6,15,0,0,0.75,2.5
25022,1627360200,2021,7,27,6,30,0,0,0.75,2.5
25022,1627361100,2021,7,27,6,45,0,0,0.75,2.5
25022,1627362000,2021,7,27,7,0,0,0,0.75,2.5
25022,1627362900,2021,7,27,7,15,0,0,0.75,2.5
25022,1627363800,2021,7,27,7,30,0,0,0.75,2.5
25022,1627364700,2021,7,27,7,45,0,0,0.75,2.5
25022,1627365600,2021,7,27,8,0,0,0,0.75,2.5
25022,1627366500,2021,7,27,8,15,0,0,0.75,2.5
25022,1627367400,2021,7,27,8,30,0,0,0.75,2.5
25022,1627368300,2021,7,27,8,45,0,0,0.75,2.5
25022,1627369200,2021,7,27,9,0,0,0,0.75,2.5
25022,1627370100,2021,7,27,9,15,0,0,0.75,2.5
25022,1627371000,2021,7,27,9,30,0,0,0.75,2.5
25022,1627371900,2021,7,27,9,45,0,0,0.75,2.5
25022,1627372800,2021,7,27,10,0,0,0,0.75,2.5
25022,1627373700,2021,7,27,10,15,0,0,0.75,2.5
25022,1627374600,2021,7,27,10,30,0,1,0.75,2.5
25022,1627375500,2021,7,27,10,45,0,1,0.75,2.5
25022,1627376400,2021,7,27,11,0,0,1,0.880434783,2.413043478
25022,1627377300,2021,7,27,11,15,0,1,0.880434783,2.413043478
25022,1627378200,2021,7,27,11,30,0,1,1.27173913,2.152173913
25022,1627379100,2021,7,27,11,45,0,1,1.402173913,2.065217391
25022,1627380000,2021,7,27,12,0,0,2,1.663043478,1.891304348
25022,1627380900,2021,7,27,12,15,0,2,1.663043478,1.891304348
25022,1627381800,2021,7,27,12,30,0,2,1.663043478,1.891304348
25022,1627382700,2021,7,27,12,45,0,2,1.793478261,1.804347826
25022,1627383600,2021,7,27,13,0,0,2,1.793478261,1.804347826
25022,1627384500,2021,7,27,13,15,0,2,1.793478261,1.804347826
25022,1627385400,2021,7,27,13,30,0,1,1.27173913,2.152173913
25022,1627386300,2021,7,27,13,45,0,1,1.27173913,2.152173913
25022,1627387200,2021,7,27,14,0,0,1,1.402173913,2.065217391
25022,1627388100,2021,7,27,14,15,0,1,1.532608696,1.97826087
25022,1627389000,2021,7,27,14,30,0,1,1.27173913,2.152173913
25022,1627389900,2021,7,27,14,45,0,1,1.27173913,2.152173913
25022,1627390800,2021,7,27,15,0,0,2,1.663043478,1.891304348
25022,1627391700,2021,7,27,15,15,0,2,1.663043478,1.891304348
25022,1627392600,2021,7,27,15,30,0,2,1.402173913,2.065217391
25022,1627393500,2021,7,27,15,45,0,2,1.532608696,1.97826087
25022,1627394400,2021,7,27,16,0,0,2,1.923913043,1.717391304
25022,1627395300,2021,7,27,16,15,0,2,2.054347826,1.630434783
25022,1627396200,2021,7,27,16,30,0,2,2.184782609,1.543478261
25022,1627397100,2021,7,27,16,45,0,3,2.576086957,1.282608696
25022,1627398000,2021,7,27,17,0,0,3,3.097826087,0.934782609
25022,1627398900,2021,7,27,17,15,0,4,3.358695652,0.760869565
25022,1627399800,2021,7,27,17,30,0,4,3.358695652,0.760869565
25022,1627400700,2021,7,27,17,45,0,4,3.358695652,0.760869565
25022,1627401600,2021,7,27,18,0,0,4,3.75,0.5
25022,1627402500,2021,7,27,18,15,0,4,3.75,0.5
25022,1627403400,2021,7,27,18,30,0,4,3.75,0.5
25022,1627404300,2021,7,27,18,45,0,4,3.75,0.5
25022,1627405200,2021,7,27,19,0,0,3,3.619565217,0.586956522
25022,1627406100,2021,7,27,19,15,0,3,3.619565217,0.586956522
25022,1627407000,2021,7,27,19,30,0,4,3.489130435,0.673913043
25022,1627407900,2021,7,27,19,45,0,4,3.489130435,0.673913043
25022,1627408800,2021,7,27,20,0,0,4,3.358695652,0.760869565
25022,1627409700,2021,7,27,20,15,0,3,2.576086957,1.282608696
25022,1627410600,2021,7,27,20,30,0,3,2.576086957,1.282608696
25022,1627411500,2021,7,27,20,45,0,2,1.793478261,1.804347826
25022,1627412400,2021,7,27,21,0,0,2,1.793478261,1.804347826
25022,1627413300,2021,7,27,21,15,0,2,1.402173913,2.065217391
25022,1627414200,2021,7,27,21,30,0,1,1.27173913,2.152173913
25022,1627415100,2021,7,27,21,45,0,1,1.27173913,2.152173913
25022,1627416000,2021,7,27,22,0,0,1,0.75,2.5
25022,1627416900,2021,7,27,22,15,0,1,0.75,2.5
25022,1627417800,2021,7,27,22,30,0,0,0.75,2.5
25022,1627418700,2021,7,27,22,45,0,0,0.75,2.5
25022,1627419600,2021,7,27,23,0,0,0,0.75,2.5
25022,1627420500,2021,7,27,23,15,0,0,0.75,2.5
25022,1627421400,2021,7,27,23,30,0,0,0.75,2.5
25022,1627422300,2021,7,27,23,45,0,0,0.75,2.5
25022,1627423200,2021,7,28,0,0,0,0,0.75,2.5
25022,1627424100,2021,7,28,0,15,0,0,0.75,2.5
25022,1627425000,2021,7,28,0,30,0,0,0.75,2.5
25022,1627425900,2021,7,28,0,45,0,0,0.75,2.5
25022,1627426800,2021,7,28,1,0,0,0,0.75,2.5
25022,1627427700,2021,7,28,1,15,0,0,0.75,2.5
25022,1627428600,2021,7,28,1,30,0,0,0.75,2.5
25022,1627429500,2021,7,28,1,45,0,0,0.75,2.5
25022,1627430400,2021,7,28,2,0,0,0,0.75,2.5
25022,1627431300,2021,7,28,2,15,0,0,0.75,2.5
25022,1627432200,2021,7,28,2,30,0,0,0.75,2.5
25022,1627433100,2021,7,28,2,45,0,0,0.75,2.5
25022,1627434000,2021,7,28,3,0,0,0,0.75,2.5
25022,1627434900,2021,7,28,3,15,0,0,0.75,2.5
25022,1627435800,2021,7,28,3,30,0,0,0.75,2.5
25022,1627436700,2021,7,28,3,45,0,0,0.75,2.5
25022,1627437600,2021,7,28,4,0,0,0,0.75,2.5
25022,1627438500,2021,7,28,4,15,0,0,0.75,2.5
25022,1627439400,2021,7,28,4,30,0,0,0.75,2.5
25022,1627440300,2021,7,28,4,45,0,0,0.75,2.5
25022,1627441200,2021,7,28,5,0,0,0,0.75,2.5
25022,1627442100,2021,7,28,5,15,0,0,0.75,2.5
25022,1627443000,2021,7,28,5,30,0,0,0.75,2.5
25022,1627443900,2021,7,28,5,45,0,0,0.75,2.5
25022,1627444800,2021,7,28,6,0,0,0,0.75,2.5
25022,1627445700,2021,7,28,6,15,0,0,0.75,2.5
25022,1627446600,2021,7,28,6,30,0,0,0.75,2.5
25022,1627447500,2021,7,28,6,45,0,0,0.75,2.5
25022,1627448400,2021,7,28,7,0,0,0,0.75,2.5
25022,1627449300,2021,7,28,7,15,0,0,0.75,2.5
25022,1627450200,2021,7,28,7,30,0,0,0.75,2.5
25022,1627451100,2021,7,28,7,45,0,0,0.75,2.5
25022,1627452000,2021,7,28,8,0,0,0,0.75,2.5
25022,1627452900,2021,7,28,8,15,0,0,0.75,2.5
25022,1627453800,2021,7,28,8,30,0,0,0.75,2.5
25022,1627454700,2021,7,28,8,45,0,0,0.75,2.5
25022,1627455600,2021,7,28,9,0,0,0,0.75,2.5
25022,1627456500,2021,7,28,9,15,0,0,0.75,2.5
25022,1627457400,2021,7,28,9,30,0,0,0.75,2.5
25022,1627458300,2021,7,28,9,45,0,0,0.75,2.5
25022,1627459200,2021,7,28,10,0,0,0,0.75,2.5
25022,1627460100,2021,7,28,10,15,0,0,0.75,2.5
25022,1627461000,2021,7,28,10,30,0,1,0.75,2.5
25022,1627461900,2021,7,28,10,45,0,1,0.75,2.5
25022,1627462800,2021,7,28,11,0,0,1,0.880434783,2.413043478
25022,1627463700,2021,7,28,11,15,0,1,0.880434783,2.413043478
25022,1627464600,2021,7,28,11,30,0,1,1.27173913,2.152173913
25022,1627465500,2021,7,28,11,45,0,1,1.402173913,2.065217391
25022,1627466400,2021,7,28,12,0,0,2,1.663043478,1.891304348
25022,1627467300,2021,7,28,12,15,0,2,1.663043478,1.891304348
25022,1627468200,2021,7,28,12,30,0,2,1.663043478,1.891304348
25022,1627469100,2021,7,28,12,45,0,2,1.793478261,1.804347826
25022,1627470000,2021,7,28,13,0,0,2,1.793478261,1.804347826
25022,1627470900,2021,7,28,13,15,0,2,1.793478261,1.804347826
25022,1627471800,2021,7,28,13,30,0,1,1.27173913,2.152173913
25022,1627472700,2021,7,28,13,45,0,1,1.27173913,2.152173913
25022,1627473600,2021,7,28,14,0,0,1,1.402173913,2.065217391
25022,1627474500,2021,7,28,14,15,0,1,1.532608696,1.97826087
25022,1627475400,2021,7,28,14,30,0,1,1.27173913,2.152173913
25022,1627476300,2021,7,28,14,45,0,1,1.27173913,2.152173913
25022,1627477200,2021,7,28,15,0,0,1,1.663043478,1.891304348
25022,1627478100,2021,7,28,15,15,0,1,1.663043478,1.891304348
25022,1627479000,2021,7,28,15,30,0,1,1.402173913,2.065217391
25022,1627479900,2021,7,28,15,45,0,1,1.532608696,1.97826087
25022,1627480800,2021,7,28,16,0,0,2,1.923913043,1.717391304
25022,1627481700,2021,7,28,16,15,0,2,2.054347826,1.630434783
25022,1627482600,2021,7,28,16,30,0,2,2.184782609,1.543478261
25022,1627483500,2021,7,28,16,45,0,3,2.576086957,1.282608696
25022,1627484400,2021,7,28,17,0,0,3,3.097826087,0.934782609
25022,1627485300,2021,7,28,17,15,0,4,3.358695652,0.760869565
25022,1627486200,2021,7,28,17,30,0,4,3.358695652,0.760869565
25022,1627487100,2021,7,28,17,45,0,4,3.358695652,0.760869565
25022,1627488000,2021,7,28,18,0,0,4,3.75,0.5
25022,1627488900,2021,7,28,18,15,0,4,3.75,0.5
25022,1627489800,2021,7,28,18,30,0,4,3.75,0.5
25022,1627490700,2021,7,28,18,45,0,4,3.75,0.5
25022,1627491600,2021,7,28,19,0,0,4,3.619565217,0.586956522
25022,1627492500,2021,7,28,19,15,0,4,3.619565217,0.586956522
25022,1627493400,2021,7,28,19,30,0,4,3.489130435,0.673913043
25022,1627494300,2021,7,28,19,45,0,4,3.489130435,0.673913043
25022,1627495200,2021,7,28,20,0,0,4,3.358695652,0.760869565
25022,1627496100,2021,7,28,20,15,0,3,2.576086957,1.282608696
25022,1627497000,2021,7,28,20,30,0,3,2.576086957,1.282608696
25022,1627497900,2021,7,28,20,45,0,2,1.793478261,1.804347826
25022,1627498800,2021,7,28,21,0,0,2,1.793478261,1.804347826
25022,1627499700,2021,7,28,21,15,0,1,1.402173913,2.065217391
25022,1627500600,2021,7,28,21,30,0,1,1.27173913,2.152173913
25022,1627501500,2021,7,28,21,45,0,1,1.27173913,2.152173913
25022,1627502400,2021,7,28,22,0,0,1,0.75,2.5
25022,1627503300,2021,7,28,22,15,0,1,0.75,2.5
25022,1627504200,2021,7,28,22,30,0,0,0.75,2.5
25022,1627505100,2021,7,28,22,45,0,0,0.75,2.5
25022,1627506000,2021,7,28,23,0,0,0,0.75,2.5
25022,1627506900,2021,7,28,23,15,0,0,0.75,2.5
25022,1627507800,2021,7,28,23,30,0,0,0.75,2.5
25022,1627508700,2021,7,28,23,45,0,0,0.75,2.5
25022,1627509600,2021,7,29,0,0,0,0,0.75,2.5
25022,1627510500,2021,7,29,0,15,0,0,0.75,2.5
25022,1627511400,2021,7,29,0,30,0,0,0.75,2.5
25022,1627512300,2021,7,29,0,45,0,0,0.75,2.5
25022,1627513200,2021,7,29,1,0,0,0,0.75,2.5
25022,1627514100,2021,7,29,1,15,0,0,0.75,2.5
25022,1627515000,2021,7,29,1,30,0,0,0.75,2.5
25022,1627515900,2021,7,29,1,45,0,0,0.75,2.5
25022,1627516800,2021,7,29,2,0,0,0,0.75,2.5
25022,1627517700,2021,7,29,2,15,0,0,0.75,2.5
25022,1627518600,2021,7,29,2,30,0,0,0.75,2.5
25022,1627519500,2021,7,29,2,45,0,0,0.75,2.5
25022,1627520400,2021,7,29,3,0,0,0,0.75,2.5
25022,1627521300,2021,7,29,3,15,0,0,0.75,2.5
25022,1627522200,2021,7,29,3,30,0,0,0.75,2.5
25022,1627523100,2021,7,29,3,45,0,0,0.75,2.5
25022,1627524000,2021,7,29,4,0,0,0,0.75,2.5
25022,1627524900,2021,7,29,4,15,0,0,0.75,2.5
25022,1627525800,2021,7,29,4,30,0,0,0.75,2.5
25022,1627526700,2021,7,29,4,45,0,0,0.75,2.5
25022,1627527600,2021,7,29,5,0,0,0,0.75,2.5
25022,1627528500,2021,7,29,5,15,0,0,0.75,2.5
25022,1627529400,2021,7,29,5,30,0,0,0.75,2.5
25022,1627530300,2021,7,29,5,45,0,0,0.75,2.5
25022,1627531200,2021,7,29,6,0,0,0,0.75,2.5
25022,1627532100,2021,7,29,6,15,0,0,0.75,2.5
25022,1627533000,2021,7,29,6,30,0,0,0.75,2.5
25022,1627533900,2021,7,29,6,45,0,0,0.75,2.5
25022,1627534800,2021,7,29,7,0,0,0,0.75,2.5
25022,1627535700,2021,7,29,7,15,0,0,0.75,2.5
25022,1627536600,2021,7,29,7,30,0,0,0.75,2.5
25022,1627537500,2021,7,29,7,45,0,0,0.75,2.5
25022,1627538400,2021,7,29,8,0,0,0,0.75,2.5
25022,1627539300,2021,7,29,8,15,0,0,0.75,2.5
25022,1627540200,2021,7,29,8,30,0,0,0.75,2.5
25022,1627541100,2021,7,29,8,45,0,0,0.75,2.5
25022,1627542000,2021,7,29,9,0,0,0,0.75,2.5
25022,1627542900,2021,7,29,9,15,0,0,0.75,2.5
25022,1627543800,2021,7,29,9,30,0,0,0.75,2.5
25022,1627544700,2021,7,29,9,45,0,0,0.75,2.5
25022,1627545600,2021,7,29,10,0,0,0,0.75,2.5
25022,1627546500,2021,7,29,10,15,0,0,0.75,2.5
25022,1627547400,2021,7,29,10,30,0,1,0.75,2.5
25022,1627548300,2021,7,29,10,45,0,1,0.75,2.5
25022,1627549200,2021,7,29,11,0,0,1,0.880434783,2.413043478
25022,1627550100,2021,7,29,11,15,0,1,0.880434783,2.413043478
25022,1627551000,2021,7,29,11,30,0,2,1.27173913,2.152173913
25022,1627551900,2021,7,29,11,45,0,2,1.402173913,2.065217391
25022,1627552800,2021,7,29,12,0,0,2,1.663043478,1.891304348
25022,1627553700,2021,7,29,12,15,0,2,1.663043478,1.891304348
25022,1627554600,2021,7,29,12,30,0,2,1.663043478,1.891304348
25022,1627555500,2021,7,29,12,45,0,2,1.793478261,1.804347826
25022,1627556400,2021,7,29,13,0,0,2,1.793478261,1.804347826
25022,1627557300,2021,7,29,13,15,0,2,1.793478261,1.804347826
25022,1627558200,2021,7,29,13,30,0,1,1.27173913,2.152173913
25022,1627559100,2021,7,29,13,45,0,1,1.27173913,2.152173913
25022,1627560000,2021,7,29,14,0,0,2,1.402173913,2.065217391
25022,1627560900,2021,7,29,14,15,0,2,1.532608696,1.97826087
25022,1627561800,2021,7,29,14,30,0,1,1.27173913,2.152173913
25022,1627562700,2021,7,29,14,45,0,1,1.27173913,2.152173913
25022,1627563600,2021,7,29,15,0,0,1,1.663043478,1.891304348
25022,1627564500,2021,7,29,15,15,0,1,1.663043478,1.891304348
25022,1627565400,2021,7,29,15,30,0,1,1.402173913,2.065217391
25022,1627566300,2021,7,29,15,45,0,1,1.532608696,1.97826087
25022,1627567200,2021,7,29,16,0,0,2,1.923913043,1.717391304
25022,1627568100,2021,7,29,16,15,0,2,2.054347826,1.630434783
25022,1627569000,2021,7,29,16,30,0,3,2.184782609,1.543478261
25022,1627569900,2021,7,29,16,45,0,3,2.576086957,1.282608696
25022,1627570800,2021,7,29,17,0,0,4,3.097826087,0.934782609
25022,1627571700,2021,7,29,17,15,0,4,3.358695652,0.760869565
25022,1627572600,2021,7,29,17,30,0,4,3.358695652,0.760869565
25022,1627573500,2021,7,29,17,45,0,4,3.358695652,0.760869565
25022,1627574400,2021,7,29,18,0,0,4,3.75,0.5
25022,1627575300,2021,7,29,18,15,0,4,3.75,0.5
25022,1627576200,2021,7,29,18,30,0,4,3.75,0.5
25022,1627577100,2021,7,29,18,45,0,4,3.75,0.5
25022,1627578000,2021,7,29,19,0,0,4,3.619565217,0.586956522
25022,1627578900,2021,7,29,19,15,0,4,3.619565217,0.586956522
25022,1627579800,2021,7,29,19,30,0,4,3.489130435,0.673913043
25022,1627580700,2021,7,29,19,45,0,4,3.489130435,0.673913043
25022,1627581600,2021,7,29,20,0,0,4,3.358695652,0.760869565
25022,1627582500,2021,7,29,20,15,0,3,2.576086957,1.282608696
25022,1627583400,2021,7,29,20,30,0,3,2.576086957,1.282608696
25022,1627584300,2021,7,29,20,45,0,2,1.793478261,1.804347826
25022,1627585200,2021,7,29,21,0,0,2,1.793478261,1.804347826
25022,1627586100,2021,7,29,21,15,0,2,1.402173913,2.065217391
25022,1627587000,2021,7,29,21,30,0,2,1.27173913,2.152173913
25022,1627587900,2021,7,29,21,45,0,2,1.27173913,2.152173913
25022,1627588800,2021,7,29,22,0,0,1,0.75,2.5
25022,1627589700,2021,7,29,22,15,0,1,0.75,2.5
25022,1627590600,2021,7,29,22,30,0,0,0.75,2.5
25022,1627591500,2021,7,29,22,45,0,0,0.75,2.5
25022,1627592400,2021,7,29,23,0,0,0,0.75,2.5
25022,1627593300,2021,7,29,23,15,0,0,0.75,2.5
25022,1627594200,2021,7,29,23,30,0,0,0.75,2.5
25022,1627595100,2021,7,29,23,45,0,0,0.75,2.5
25022,1627596000,2021,7,30,0,0,0,0,0.75,2.5
25022,1627596900,2021,7,30,0,15,0,0,0.75,2.5
25022,1627597800,2021,7,30,0,30,0,0,0.75,2.5
25022,1627598700,2021,7,30,0,45,0,0,0.75,2.5
25022,1627599600,2021,7,30,1,0,0,0,0.75,2.5
25022,1627600500,2021,7,30,1,15,0,0,0.75,2.5
25022,1627601400,2021,7,30,1,30,0,0,0.75,2.5
25022,1627602300,2021,7,30,1,45,0,0,0.75,2.5
25022,1627603200,2021,7,30,2,0,0,0,0.75,2.5
25022,1627604100,2021,7,30,2,15,0,0,0.75,2.5
25022,1627605000,2021,7,30,2,30,0,0,0.75,2.5
25022,1627605900,2021,7,30,2,45,0,0,0.75,2.5
25022,1627606800,2021,7,30,3,0,0,0,0.75,2.5
25022,1627607700,2021,7,30,3,15,0,0,0.75,2.5
25022,1627608600,2021,7,30,3,30,0,0,0.75,2.5
25022,1627609500,2021,7,30,3,45,0,0,0.75,2.5
25022,1627610400,2021,7,30,4,0,0,0,0.75,2.5
25022,1627611300,2021,7,30,4,15,0,0,0.75,2.5
25022,1627612200,2021,7,30,4,30,0,0,0.75,2.5
25022,1627613100,2021,7,30,4,45,0,0,0.75,2.5
25022,1627614000,2021,7,30,5,0,0,0,0.75,2.5
25022,1627614900,2021,7,30,5,15,0,0,0.75,2.5
25022,1627615800,2021,7,30,5,30,0,0,0.75,2.5
25022,1627616700,2021,7,30,5,45,0,0,0.75,2.5
25022,1627617600,2021,7,30,6,0,0,0,0.75,2.5
25022,1627618500,2021,7,30,6,15,0,0,0.75,2.5
25022,1627619400,2021,7,30,6,30,0,0,0.75,2.5
25022,1627620300,2021,7,30,6,45,0,0,0.75,2.5
25022,1627621200,2021,7,30,7,0,0,0,0.75,2.5
25022,1627622100,2021,7,30,7,15,0,0,0.75,2.5
25022,1627623000,2021,7,30,7,30,0,0,0.75,2.5
25022,1627623900,2021,7,30,7,45,0,0,0.75,2.5
25022,1627624800,2021,7,30,8,0,0,0,0.75,2.5
25022,1627625700,2021,7,30,8,15,0,0,0.75,2.5
25022,1627626600,2021,7,30,8,30,0,0,0.75,2.5
25022,1627627500,2021,7,30,8,45,0,0,0.75,2.5
25022,1627628400,2021,7,30,9,0,0,0,0.75,2.5
25022,1627629300,2021,7,30,9,15,0,0,0.75,2.5
25022,1627630200,2021,7,30,9,30,0,0,0.75,2.5
25022,1627631100,2021,7,30,9,45,0,0,0.75,2.5
25022,1627632000,2021,7,30,10,0,0,0,0.75,2.5
25022,1627632900,2021,7,30,10,15,0,0,0.75,2.5
25022,1627633800,2021,7,30,10,30,0,1,0.75,2.5
25022,1627634700,2021,7,30,10,45,0,1,0.75,2.5
25022,1627635600,2021,7,30,11,0,0,1,0.880434783,2.413043478
25022,1627636500,2021,7,30,11,15,0,1,0.880434783,2.413043478
25022,1627637400,2021,7,30,11,30,0,2,1.27173913,2.152173913
25022,1627638300,2021,7,30,11,45,0,2,1.402173913,2.065217391
25022,1627639200,2021,7,30,12,0,0,2,1.663043478,1.891304348
25022,1627640100,2021,7,30,12,15,0,2,1.663043478,1.891304348
25022,1627641000,2021,7,30,12,30,0,2,1.663043478,1.891304348
25022,1627641900,2021,7,30,12,45,0,2,1.793478261,1.804347826
25022,1627642800,2021,7,30,13,0,0,2,1.793478261,1.804347826
25022,1627643700,2021,7,30,13,15,0,2,1.793478261,1.804347826
25022,1627644600,2021,7,30,13,30,0,2,1.27173913,2.152173913
25022,1627645500,2021,7,30,13,45,0,2,1.27173913,2.152173913
25022,1627646400,2021,7,30,14,0,0,2,1.402173913,2.065217391
25022,1627647300,2021,7,30,14,15,0,2,1.532608696,1.97826087
25022,1627648200,2021,7,30,14,30,0,1,1.27173913,2.152173913
25022,1627649100,2021,7,30,14,45,0,1,1.27173913,2.152173913
25022,1627650000,2021,7,30,15,0,0,2,1.663043478,1.891304348
25022,1627650900,2021,7,30,15,15,0,2,1.663043478,1.891304348
25022,1627651800,2021,7,30,15,30,0,1,1.402173913,2.065217391
25022,1627652700,2021,7,30,15,45,0,2,1.532608696,1.97826087
25022,1627653600,2021,7,30,16,0,0,2,1.923913043,1.717391304
25022,1627654500,2021,7,30,16,15,0,3,2.054347826,1.630434783
25022,1627655400,2021,7,30,16,30,0,3,2.184782609,1.543478261
25022,1627656300,2021,7,30,16,45,0,3,2.576086957,1.282608696
25022,1627657200,2021,7,30,17,0,0,4,3.097826087,0.934782609
25022,1627658100,2021,7,30,17,15,0,4,3.358695652,0.760869565
25022,1627659000,2021,7,30,17,30,0,4,3.358695652,0.760869565
25022,1627659900,2021,7,30,17,45,0,4,3.358695652,0.760869565
25022,1627660800,2021,7,30,18,0,0,5,3.75,0.5
25022,1627661700,2021,7,30,18,15,0,5,3.75,0.5
25022,1627662600,2021,7,30,18,30,0,5,3.75,0.5
25022,1627663500,2021,7,30,18,45,0,5,3.75,0.5
25022,1627664400,2021,7,30,19,0,0,5,3.619565217,0.586956522
25022,1627665300,2021,7,30,19,15,0,5,3.619565217,0.586956522
25022,1627666200,2021,7,30,19,30,0,4,3.489130435,0.673913043
25022,1627667100,2021,7,30,19,45,0,4,3.489130435,0.673913043
25022,1627668000,2021,7,30,20,0,0,4,3.358695652,0.760869565
25022,1627668900,2021,7,30,20,15,0,3,2.576086957,1.282608696
25022,1627669800,2021,7,30,20,30,0,3,2.576086957,1.282608696
25022,1627670700,2021,7,30,20,45,0,2,1.793478261,1.804347826
25022,1627671600,2021,7,30,21,0,0,2,1.793478261,1.804347826
25022,1627672500,2021,7,30,21,15,0,2,1.402173913,2.065217391
25022,1627673400,2021,7,30,21,30,0,2,1.27173913,2.152173913
25022,1627674300,2021,7,30,21,45,0,2,1.27173913,2.152173913
25022,1627675200,2021,7,30,22,0,0,1,0.75,2.5
25022,1627676100,2021,7,30,22,15,0,1,0.75,2.5
25022,1627677000,2021,7,30,22,30,0,0,0.75,2.5
25022,1627677900,2021,7,30,22,45,0,0,0.75,2.5
25022,1627678800,2021,7,30,23,0,0,0,0.75,2.5
25022,1627679700,2021,7,30,23,15,0,0,0.75,2.5
25022,1627680600,2021,7,30,23,30,0,0,0.75,2.5
25022,1627681500,2021,7,30,23,45,0,0,0.75,2.5
25022,1627682400,2021,7,31,0,0,0,0,0.75,2.5
25022,1627683300,2021,7,31,0,15,0,0,0.75,2.5
25022,1627684200,2021,7,31,0,30,0,0,0.75,2.5
25022,1627685100,2021,7,31,0,45,0,0,0.75,2.5
25022,1627686000,2021,7,31,1,0,0,0,0.75,2.5
25022,1627686900,2021,7,31,1,15,0,0,0.75,2.5
25022,1627687800,2021,7,31,1,30,0,0,0.75,2.5
25022,1627688700,2021,7,31,1,45,0,0,0.75,2.5
25022,1627689600,2021,7,31,2,0,0,0,0.75,2.5
25022,1627690500,2021,7,31,2,15,0,0,0.75,2.5
25022,1627691400,2021,7,31,2,30,0,0,0.75,2.5
25022,1627692300,2021,7,31,2,45,0,0,0.75,2.5
25022,1627693200,2021,7,31,3,0,0,0,0.75,2.5
25022,1627694100,2021,7,31,3,15,0,0,0.75,2.5
25022,1627695000,2021,7,31,3,30,0,0,0.75,2.5
25022,1627695900,2021,7,31,3,45,0,0,0.75,2.5
25022,1627696800,2021,7,31,4,0,0,0,0.75,2.5
25022,1627697700,2021,7,31,4,15,0,0,0.75,2.5
25022,1627698600,2021,7,31,4,30,0,0,0.75,2.5
25022,1627699500,2021,7,31,4,45,0,0,0.75,2.5
25022,1627700400,2021,7,31,5,0,0,0,0.75,2.5
25022,1627701300,2021,7,31,5,15,0,0,0.75,2.5
25022,1627702200,2021,7,31,5,30,0,0,0.75,2.5
25022,1627703100,2021,7,31,5,45,0,0,0.75,2.5
25022,1627704000,2021,7,31,6,0,0,0,0.75,2.5
25022,1627704900,2021,7,31,6,15,0,0,0.75,2.5
25022,1627705800,2021,7,31,6,30,0,0,0.75,2.5
25022,1627706700,2021,7,31,6,45,0,0,0.75,2.5
25022,1627707600,2021,7,31,7,0,0,0,0.75,2.5
25022,1627708500,2021,7,31,7,15,0,0,0.75,2.5
25022,1627709400,2021,7,31,7,30,0,0,0.75,2.5
25022,1627710300,2021,7,31,7,45,0,0,0.75,2.5
25022,1627711200,2021,7,31,8,0,0,0,0.75,2.5
25022,1627712100,2021,7,31,8,15,0,0,0.75,2.5
25022,1627713000,2021,7,31,8,30,0,0,0.75,2.5
25022,1627713900,2021,7,31,8,45,0,0,0.75,2.5
25022,1627714800,2021,7,31,9,0,0,0,0.75,2.5
25022,1627715700,2021,7,31,9,15,0,0,0.75,2.5
25022,1627716600,2021,7,31,9,30,0,0,0.75,2.5
25022,1627717500,2021,7,31,9,45,0,0,0.75,2.5
25022,1627718400,2021,7,31,10,0,0,0,0.75,2.5
25022,1627719300,2021,7,31,10,15,0,0,0.75,2.5
25022,1627720200,2021,7,31,10,30,0,1,0.75,2.5
25022,1627721100,2021,7,31,10,45,0,1,0.75,2.5
25022,1627722000,2021,7,31,11,0,0,1,0.880434783,2.413043478
25022,1627722900,2021,7,31,11,15,0,1,0.880434783,2.413043478
25022,1627723800,2021,7,31,11,30,0,2,1.27173913,2.152173913
25022,1627724700,2021,7,31,11,45,0,2,1.402173913,2.065217391
25022,1627725600,2021,7,31,12,0,0,2,1.663043478,1.891304348
25022,1627726500,2021,7,31,12,15,0,2,1.663043478,1.891304348
25022,1627727400,2021,7,31,12,30,0,2,1.663043478,1.891304348
25022,1627728300,2021,7,31,12,45,0,2,1.793478261,1.804347826
25022,1627729200,2021,7,31,13,0,0,2,1.793478261,1.804347826
25022,1627730100,2021,7,31,13,15,0,2,1.793478261,1.804347826
25022,1627731000,2021,7,31,13,30,0,2,1.27173913,2.152173913
25022,1627731900,2021,7,31,13,45,0,2,1.27173913,2.152173913
25022,1627732800,2021,7,31,14,0,0,2,1.402173913,2.065217391
25022,1627733700,2021,7,31,14,15,0,3,1.532608696,1.97826087
25022,1627734600,2021,7,31,14,30,0,3,1.27173913,2.152173913
25022,1627735500,2021,7,31,14,45,0,3,1.27173913,2.152173913
25022,1627736400,2021,7,31,15,0,0,3,1.663043478,1.891304348
25022,1627737300,2021,7,31,15,15,0,3,1.663043478,1.891304348
25022,1627738200,2021,7,31,15,30,0,3,1.402173913,2.065217391
25022,1627739100,2021,7,31,15,45,0,3,1.532608696,1.97826087
25022,1627740000,2021,7,31,16,0,0,3,1.923913043,1.717391304
25022,1627740900,2021,7,31,16,15,0,3,2.054347826,1.630434783
25022,1627741800,2021,7,31,16,30,0,3,2.184782609,1.543478261
25022,1627742700,2021,7,31,16,45,0,3,2.576086957,1.282608696
25022,1627743600,2021,7,31,17,0,0,4,3.097826087,0.934782609
25022,1627744500,2021,7,31,17,15,0,4,3.358695652,0.760869565
25022,1627745400,2021,7,31,17,30,0,4,3.358695652,0.760869565
25022,1627746300,2021,7,31,17,45,0,4,3.358695652,0.760869565
25022,1627747200,2021,7,31,18,0,0,5,3.75,0.5
25022,1627748100,2021,7,31,18,15,0,5,3.75,0.5
25022,1627749000,2021,7,31,18,30,0,5,3.75,0.5
25022,1627749900,2021,7,31,18,45,0,5,3.75,0.5
25022,1627750800,2021,7,31,19,0,0,5,3.619565217,0.586956522
25022,1627751700,2021,7,31,19,15,0,5,3.619565217,0.586956522
25022,1627752600,2021,7,31,19,30,0,4,3.489130435,0.673913043
25022,1627753500,2021,7,31,19,45,0,4,3.489130435,0.673913043
25022,1627754400,2021,7,31,20,0,0,4,3.358695652,0.760869565
25022,1627755300,2021,7,31,20,15,0,3,2.576086957,1.282608696
25022,1627756200,2021,7,31,20,30,0,3,2.576086957,1.282608696
25022,1627757100,2021,7,31,20,45,0,3,1.793478261,1.804347826
25022,1627758000,2021,7,31,21,0,0,3,1.793478261,1.804347826
25022,1627758900,2021,7,31,21,15,0,2,1.402173913,2.065217391
25022,1627759800,2021,7,31,21,30,0,2,1.27173913,2.152173913
25022,1627760700,2021,7,31,21,45,0,2,1.27173913,2.152173913
25022,1627761600,2021,7,31,22,0,0,1,0.75,2.5
25022,1627762500,2021,7,31,22,15,0,1,0.75,2.5
25022,1627763400,2021,7,31,22,30,0,0,0.75,2.5
25022,1627764300,2021,7,31,22,45,0,0,0.75,2.5
25022,1627765200,2021,7,31,23,0,0,0,0.75,2.5
25022,1627766100,2021,7,31,23,15,0,0,0.75,2.5
25022,1627767000,2021,7,31,23,30,0,0,0.75,2.5
25022,1627767900,2021,7,31,23,45,0,0,0.75,2.5
25022,1627768800,2021,8,1,0,0,0,0,0.75,2.5
25022,1627769700,2021,8,1,0,15,0,0,0.75,2.5
25022,1627770600,2021,8,1,0,30,0,0,0.75,2.5
25022,1627771500,2021,8,1,0,45,0,0,0.75,2.5
25022,1627772400,2021,8,1,1,0,0,0,0.75,2.5
25022,1627773300,2021,8,1,1,15,0,0,0.75,2.5
25022,1627774200,2021,8,1,1,30,0,0,0.75,2.5
25022,1627775100,2021,8,1,1,45,0,0,0.75,2.5
25022,1627776000,2021,8,1,2,0,0,0,0.75,2.5
25022,1627776900,2021,8,1,2,15,0,0,0.75,2.5
25022,1627777800,2021,8,1,2,30,0,0,0.75,2.5
25022,1627778700,2021,8,1,2,45,0,0,0.75,2.5
25022,1627779600,2021,8,1,3,0,0,0,0.75,2.5
25022,1627780500,2021,8,1,3,15,0,0,0.75,2.5
25022,1627781400,2021,8,1,3,30,0,0,0.75,2.5
25022,1627782300,2021,8,1,3,45,0,0,0.75,2.5
25022,1627783200,2021,8,1,4,0,0,0,0.75,2.5
25022,1627784100,2021,8,1,4,15,0,0,0.75,2.5
25022,1627785000,2021,8,1,4,30,0,0,0.75,2.5
25022,1627785900,2021,8,1,4,45,0,0,0.75,2.5
25022,1627786800,2021,8,1,5,0,0,0,0.75,2.5
25022,1627787700,2021,8,1,5,15,0,0,0.75,2.5
25022,1627788600,2021,8,1,5,30,0,0,0.75,2.5
25022,1627789500,2021,8,1,5,45,0,0,0.75,2.5
25022,1627790400,2021,8,1,6,0,0,0,0.75,2.5
25022,1627791300,2021,8,1,6,15,0,0,0.75,2.5
25022,1627792200,2021,8,1,6,30,0,0,0.75,2.5
25022,1627793100,2021,8,1,6,45,0,0,0.75,2.5
25022,1627794000,2021,8,1,7,0,0,0,0.75,2.5
25022,1627794900,2021,8,1,7,15,0,0,0.75,2.5
25022,1627795800,2021,8,1,7,30,0,0,0.75,2.5
25022,1627796700,2021,8,1,7,45,0,0,0.75,2.5
25022,1627797600,2021,8,1,8,0,0,0,0.75,2.5
25022,1627798500,2021,8,1,8,15,0,0,0.75,2.5
25022,1627799400,2021,8,1,8,30,0,0,0.75,2.5
25022,1627800300,2021,8,1,8,45,0,0,0.75,2.5
25022,1627801200,2021,8,1,9,0,0,0,0.75,2.5
25022,1627802100,2021,8,1,9,15,0,0,0.75,2.5
25022,1627803000,2021,8,1,9,30,0,0,0.75,2.5
25022,1627803900,2021,8,1,9,45,0,0,0.75,2.5
25022,1627804800,2021,8,1,10,0,0,0,0.75,2.5
25022,1627805700,2021,8,1,10,15,0,0,0.75,2.5
25022,1627806600,2021,8,1,10,30,0,1,0.75,2.5
25022,1627807500,2021,8,1,10,45,0,1,0.75,2.5
25022,1627808400,2021,8,1,11,0,0,2,0.880434783,2.413043478
25022,1627809300,2021,8,1,11,15,0,2,0.880434783,2.413043478
25022,1627810200,2021,8,1,11,30,0,2,1.27173913,2.152173913
25022,1627811100,2021,8,1,11,45,0,3,1.402173913,2.065217391
25022,1627812000,2021,8,1,12,0,0,3,1.663043478,1.891304348
25022,1627812900,2021,8,1,12,15,0,3,1.663043478,1.891304348
25022,1627813800,2021,8,1,12,30,0,3,1.663043478,1.891304348
25022,1627814700,2021,8,1,12,45,0,4,1.793478261,1.804347826
25022,1627815600,2021,8,1,13,0,0,3,1.793478261,1.804347826
25022,1627816500,2021,8,1,13,15,0,3,1.793478261,1.804347826
25022,1627817400,2021,8,1,13,30,0,3,1.27173913,2.152173913
25022,1627818300,2021,8,1,13,45,0,3,1.27173913,2.152173913
25022,1627819200,2021,8,1,14,0,0,3,1.402173913,2.065217391
25022,1627820100,2021,8,1,14,15,0,3,1.532608696,1.97826087
25022,1627821000,2021,8,1,14,30,0,3,1.27173913,2.152173913
25022,1627821900,2021,8,1,14,45,0,3,1.27173913,2.152173913
25022,1627822800,2021,8,1,15,0,0,3,1.663043478,1.891304348
25022,1627823700,2021,8,1,15,15,0,3,1.663043478,1.891304348
25022,1627824600,2021,8,1,15,30,0,3,1.402173913,2.065217391
25022,1627825500,2021,8,1,15,45,0,3,1.532608696,1.97826087
25022,1627826400,2021,8,1,16,0,0,3,1.923913043,1.717391304
25022,1627827300,2021,8,1,16,15,0,3,2.054347826,1.630434783
25022,1627828200,2021,8,1,16,30,0,3,2.184782609,1.543478261
25022,1627829100,2021,8,1,16,45,0,3,2.576086957,1.282608696
25022,1627830000,2021,8,1,17,0,0,4,3.097826087,0.934782609
25022,1627830900,2021,8,1,17,15,0,4,3.358695652,0.760869565
25022,1627831800,2021,8,1,17,30,0,4,3.358695652,0.760869565
25022,1627832700,2021,8,1,17,45,0,4,3.358695652,0.760869565
25022,1627833600,2021,8,1,18,0,0,4,3.75,0.5
25022,1627834500,2021,8,1,18,15,0,4,3.75,0.5
25022,1627835400,2021,8,1,18,30,0,4,3.75,0.5
25022,1627836300,2021,8,1,18,45,0,4,3.75,0.5
25022,1627837200,2021,8,1,19,0,0,4,3.619565217,0.586956522
25022,1627838100,2021,8,1,19,15,0,4,3.619565217,0.586956522
25022,1627839000,2021,8,1,19,30,0,4,3.489130435,0.673913043
25022,1627839900,2021,8,1,19,45,0,4,3.489130435,0.673913043
25022,1627840800,2021,8,1,20,0,0,3,3.358695652,0.760869565
25022,1627841700,2021,8,1,20,15,0,3,2.576086957,1.282608696
25022,1627842600,2021,8,1,20,30,0,3,2.576086957,1.282608696
25022,1627843500,2021,8,1,20,45,0,2,1.793478261,1.804347826
25022,1627844400,2021,8,1,21,0,0,2,1.793478261,1.804347826
25022,1627845300,2021,8,1,21,15,0,2,1.402173913,2.065217391
25022,1627846200,2021,8,1,21,30,0,2,1.27173913,2.152173913
25022,1627847100,2021,8,1,21,45,0,2,1.27173913,2.152173913
25022,1627848000,2021,8,1,22,0,0,1,0.75,2.5
25022,1627848900,2021,8,1,22,15,0,1,0.75,2.5
25022,1627849800,2021,8,1,22,30,0,0,0.75,2.5
25022,1627850700,2021,8,1,22,45,0,0,0.75,2.5
25022,1627851600,2021,8,1,23,0,0,0,0.75,2.5
25022,1627852500,2021,8,1,23,15,0,0,0.75,2.5
25022,1627853400,2021,8,1,23,30,0,0,0.75,2.5
25022,1627854300,2021,8,1,23,45,0,0,0.75,2.5
25022,1627855200,2021,8,2,0,0,0,0,0.75,2.5
25022,1627856100,2021,8,2,0,15,0,0,0.75,2.5
25022,1627857000,2021,8,2,0,30,0,0,0.75,2.5
25022,1627857900,2021,8,2,0,45,0,0,0.75,2.5
25022,1627858800,2021,8,2,1,0,0,0,0.75,2.5
25022,1627859700,2021,8,2,1,15,0,0,0.75,2.5
25022,1627860600,2021,8,2,1,30,0,0,0.75,2.5
25022,1627861500,2021,8,2,1,45,0,0,0.75,2.5
25022,1627862400,2021,8,2,2,0,0,0,0.75,2.5
25022,1627863300,2021,8,2,2,15,0,0,0.75,2.5
25022,1627864200,2021,8,2,2,30,0,0,0.75,2.5
25022,1627865100,2021,8,2,2,45,0,0,0.75,2.5
25022,1627866000,2021,8,2,3,0,0,0,0.75,2.5
25022,1627866900,2021,8,2,3,15,0,0,0.75,2.5
25022,1627867800,2021,8,2,3,30,0,0,0.75,2.5
25022,1627868700,2021,8,2,3,45,0,0,0.75,2.5
25033,1627264800,2021,7,26,4,0,0,0,0.75,2.5
25033,1627265700,2021,7,26,4,15,0,0,0.75,2.5
25033,1627266600,2021,7,26,4,30,0,0,0.75,2.5
25033,1627267500,2021,7,26,4,45,0,0,0.75,2.5
25033,1627268400,2021,7,26,5,0,0,0,0.75,2.5
25033,1627269300,2021,7,26,5,15,0,0,0.75,2.5
25033,1627270200,2021,7,26,5,30,0,0,0.75,2.5
25033,1627271100,2021,7,26,5,45,0,0,0.75,2.5
25033,1627272000,2021,7,26,6,0,0,0,0.75,2.5
25033,1627272900,2021,7,26,6,15,0,0,0.75,2.5
25033,1627273800,2021,7,26,6,30,0,0,0.75,2.5
25033,1627274700,2021,7,26,6,45,0,0,0.75,2.5
25033,1627275600,2021,7,26,7,0,0,0,0.75,2.5
25033,1627276500,2021,7,26,7,15,0,0,0.75,2.5
25033,1627277400,2021,7,26,7,30,0,0,0.75,2.5
25033,1627278300,2021,7,26,7,45,0,0,0.75,2.5
25033,1627279200,2021,7,26,8,0,0,0,0.75,2.5
25033,1627280100,2021,7,26,8,15,0,0,0.75,2.5
25033,1627281000,2021,7,26,8,30,0,0,0.75,2.5
25033,1627281900,2021,7,26,8,45,0,0,0.75,2.5
25033,1627282800,2021,7,26,9,0,0,0,0.75,2.5
25033,1627283700,2021,7,26,9,15,0,0,0.75,2.5
25033,1627284600,2021,7,26,9,30,0,0,0.75,2.5
25033,1627285500,2021,7,26,9,45,0,0,0.75,2.5
25033,1627286400,2021,7,26,10,0,0,0,0.75,2.5
25033,1627287300,2021,7,26,10,15,0,0,0.75,2.5
25033,1627288200,2021,7,26,10,30,0,1,0.75,2.5
25033,1627289100,2021,7,26,10,45,0,1,0.853448276,2.431034483
25033,1627290000,2021,7,26,11,0,0,1,1.060344828,2.293103448
25033,1627290900,2021,7,26,11,15,0,1,1.163793103,2.224137931
25033,1627291800,2021,7,26,11,30,0,2,1.577586207,1.948275862
25033,1627292700,2021,7,26,11,45,0,2,1.681034483,1.879310345
25033,1627293600,2021,7,26,12,0,0,1,1.474137931,2.017241379
25033,1627294500,2021,7,26,12,15,0,1,1.474137931,2.017241379
25033,1627295400,2021,7,26,12,30,0,1,1.267241379,2.155172414
25033,1627296300,2021,7,26,12,45,0,1,1.267241379,2.155172414
25033,1627297200,2021,7,26,13,0,0,1,1.267241379,2.155172414
25033,1627298100,2021,7,26,13,15,0,1,1.163793103,2.224137931
25033,1627299000,2021,7,26,13,30,0,1,1.163793103,2.224137931
25033,1627299900,2021,7,26,13,45,0,1,1.163793103,2.224137931
25033,1627300800,2021,7,26,14,0,0,1,1.163793103,2.224137931
25033,1627301700,2021,7,26,14,15,0,1,1.163793103,2.224137931
25033,1627302600,2021,7,26,14,30,0,1,1.060344828,2.293103448
25033,1627303500,2021,7,26,14,45,0,1,1.060344828,2.293103448
25033,1627304400,2021,7,26,15,0,0,1,1.163793103,2.224137931
25033,1627305300,2021,7,26,15,15,0,1,1.163793103,2.224137931
25033,1627306200,2021,7,26,15,30,0,1,1.267241379,2.155172414
25033,1627307100,2021,7,26,15,45,0,1,1.267241379,2.155172414
25033,1627308000,2021,7,26,16,0,0,2,1.784482759,1.810344828
25033,1627308900,2021,7,26,16,15,0,2,1.784482759,1.810344828
25033,1627309800,2021,7,26,16,30,0,3,2.50862069,1.327586207
25033,1627310700,2021,7,26,16,45,0,3,2.50862069,1.327586207
25033,1627311600,2021,7,26,17,0,0,3,3.025862069,0.982758621
25033,1627312500,2021,7,26,17,15,0,3,3.129310345,0.913793103
25033,1627313400,2021,7,26,17,30,0,4,3.75,0.5
25033,1627314300,2021,7,26,17,45,0,4,3.75,0.5
25033,1627315200,2021,7,26,18,0,0,4,3.232758621,0.844827586
25033,1627316100,2021,7,26,18,15,0,4,3.232758621,0.844827586
25033,1627317000,2021,7,26,18,30,0,3,3.232758621,0.844827586
25033,1627317900,2021,7,26,18,45,0,3,3.232758621,0.844827586
25033,1627318800,2021,7,26,19,0,0,4,3.025862069,0.982758621
25033,1627319700,2021,7,26,19,15,0,4,3.025862069,0.982758621
25033,1627320600,2021,7,26,19,30,0,3,2.612068966,1.25862069
25033,1627321500,2021,7,26,19,45,0,3,2.612068966,1.25862069
25033,1627322400,2021,7,26,20,0,0,3,2.301724138,1.465517241
25033,1627323300,2021,7,26,20,15,0,2,1.887931034,1.74137931
25033,1627324200,2021,7,26,20,30,0,2,1.577586207,1.948275862
25033,1627325100,2021,7,26,20,45,0,1,0.956896552,2.362068966
25033,1627326000,2021,7,26,21,0,0,1,0.75,2.5
25033,1627326900,2021,7,26,21,15,0,1,0.75,2.5
25033,1627327800,2021,7,26,21,30,0,1,0.75,2.5
25033,1627328700,2021,7,26,21,45,0,1,0.75,2.5
25033,1627329600,2021,7,26,22,0,0,1,0.75,2.5
25033,1627330500,2021,7,26,22,15,0,1,0.75,2.5
25033,1627331400,2021,7,26,22,30,0,0,0.75,2.5
25033,1627332300,2021,7,26,22,45,0,0,0.75,2.5
25033,1627333200,2021,7,26,23,0,0,0,0.75,2.5
25033,1627334100,2021,7,26,23,15,0,0,0.75,2.5
25033,1627335000,2021,7,26,23,30,0,0,0.75,2.5
25033,1627335900,2021,7,26,23,45,0,0,0.75,2.5
25033,1627336800,2021,7,27,0,0,0,0,0.75,2.5
25033,1627337700,2021,7,27,0,15,0,0,0.75,2.5
25033,1627338600,2021,7,27,0,30,0,0,0.75,2.5
25033,1627339500,2021,7,27,0,45,0,0,0.75,2.5
25033,1627340400,2021,7,27,1,0,0,0,0.75,2.5
25033,1627341300,2021,7,27,1,15,0,0,0.75,2.5
25033,1627342200,2021,7,27,1,30,0,0,0.75,2.5
25033,1627343100,2021,7,27,1,45,0,0,0.75,2.5
25033,1627344000,2021,7,27,2,0,0,0,0.75,2.5
25033,1627344900,2021,7,27,2,15,0,0,0.75,2.5
25033,1627345800,2021,7,27,2,30,0,0,0.75,2.5
25033,1627346700,2021,7,27,2,45,0,0,0.75,2.5
25033,1627347600,2021,7,27,3,0,0,0,0.75,2.5
25033,1627348500,2021,7,27,3,15,0,0,0.75,2.5
25033,1627349400,2021,7,27,3,30,0,0,0.75,2.5
25033,1627350300,2021,7,27,3,45,0,0,0.75,2.5
25033,1627351200,2021,7,27,4,0,0,0,0.75,2.5
25033,1627352100,2021,7,27,4,15,0,0,0.75,2.5
25033,1627353000,2021,7,27,4,30,0,0,0.75,2.5
25033,1627353900,2021,7,27,4,45,0,0,0.75,2.5
25033,1627354800,2021,7,27,5,0,0,0,0.75,2.5
25033,1627355700,2021,7,27,5,15,0,0,0.75,2.5
25033,1627356600,2021,7,27,5,30,0,0,0.75,2.5
25033,1627357500,2021,7,27,5,45,0,0,0.75,2.5
25033,1627358400,2021,7,27,6,0,0,0,0.75,2.5
25033,1627359300,2021,7,27,6,15,0,0,0.75,2.5
25033,1627360200,2021,7,27,6,30,0,0,0.75,2.5
25033,1627361100,2021,7,27,6,45,0,0,0.75,2.5
25033,1627362000,2021,7,27,7,0,0,0,0.75,2.5
25033,1627362900,2021,7,27,7,15,0,0,0.75,2.5
25033,1627363800,2021,7,27,7,30,0,0,0.75,2.5
25033,1627364700,2021,7,27,7,45,0,0,0.75,2.5
25033,1627365600,2021,7,27,8,0,0,0,0.75,2.5
25033,1627366500,2021,7,27,8,15,0,0,0.75,2.5
25033,1627367400,2021,7,27,8,30,0,0,0.75,2.5
25033,1627368300,2021,7,27,8,45,0,0,0.75,2.5
25033,1627369200,2021,7,27,9,0,0,0,0.75,2.5
25033,1627370100,2021,7,27,9,15,0,0,0.75,2.5
25033,1627371000,2021,7,27,9,30,0,0,0.75,2.5
25033,1627371900,2021,7,27,9,45,0,0,0.75,2.5
25033,1627372800,2021,7,27,10,0,0,0,0.75,2.5
25033,1627373700,2021,7,27,10,15,0,0,0.75,2.5
25033,1627374600,2021,7,27,10,30,0,1,0.75,2.5
25033,1627375500,2021,7,27,10,45,0,1,0.853448276,2.431034483
25033,1627376400,2021,7,27,11,0,0,1,1.060344828,2.293103448
25033,1627377300,2021,7,27,11,15,0,1,1.163793103,2.224137931
25033,1627378200,2021,7,27,11,30,0,2,1.577586207,1.948275862
25033,1627379100,2021,7,27,11,45,0,2,1.681034483,1.879310345
25033,1627380000,2021,7,27,12,0,0,1,1.474137931,2.017241379
25033,1627380900,2021,7,27,12,15,0,1,1.474137931,2.017241379
25033,1627381800,2021,7,27,12,30,0,1,1.267241379,2.155172414
25033,1627382700,2021,7,27,12,45,0,1,1.267241379,2.155172414
25033,1627383600,2021,7,27,13,0,0,1,1.267241379,2.155172414
25033,1627384500,2021,7,27,13,15,0,1,1.163793103,2.224137931
25033,1627385400,2021,7,27,13,30,0,1,1.163793103,2.224137931
25033,1627386300,2021,7,27,13,45,0,1,1.163793103,2.224137931
25033,1627387200,2021,7,27,14,0,0,1,1.163793103,2.224137931
25033,1627388100,2021,7,27,14,15,0,1,1.163793103,2.224137931
25033,1627389000,2021,7,27,14,30,0,1,1.060344828,2.293103448
25033,1627389900,2021,7,27,14,45,0,1,1.060344828,2.293103448
25033,1627390800,2021,7,27,15,0,0,1,1.163793103,2.224137931
25033,1627391700,2021,7,27,15,15,0,1,1.163793103,2.224137931
25033,1627392600,2021,7,27,15,30,0,1,1.267241379,2.155172414
25033,1627393500,2021,7,27,15,45,0,1,1.267241379,2.155172414
25033,1627394400,2021,7,27,16,0,0,2,1.784482759,1.810344828
25033,1627395300,2021,7,27,16,15,0,2,1.784482759,1.810344828
25033,1627396200,2021,7,27,16,30,0,3,2.50862069,1.327586207
25033,1627397100,2021,7,27,16,45,0,3,2.50862069,1.327586207
25033,1627398000,2021,7,27,17,0,0,4,3.025862069,0.982758621
25033,1627398900,2021,7,27,17,15,0,4,3.129310345,0.913793103
25033,1627399800,2021,7,27,17,30,0,5,3.75,0.5
25033,1627400700,2021,7,27,17,45,0,5,3.75,0.5
25033,1627401600,2021,7,27,18,0,0,4,3.232758621,0.844827586
25033,1627402500,2021,7,27,18,15,0,4,3.232758621,0.844827586
25033,1627403400,2021,7,27,18,30,0,5,3.232758621,0.844827586
25033,1627404300,2021,7,27,18,45,0,5,3.232758621,0.844827586
25033,1627405200,2021,7,27,19,0,0,4,3.025862069,0.982758621
25033,1627406100,2021,7,27,19,15,0,4,3.025862069,0.982758621
25033,1627407000,2021,7,27,19,30,0,3,2.612068966,1.25862069
25033,1627407900,2021,7,27,19,45,0,3,2.612068966,1.25862069
25033,1627408800,2021,7,27,20,0,0,3,2.301724138,1.465517241
25033,1627409700,2021,7,27,20,15,0,2,1.887931034,1.74137931
25033,1627410600,2021,7,27,20,30,0,2,1.577586207,1.948275862
25033,1627411500,2021,7,27,20,45,0,1,0.956896552,2.362068966
25033,1627412400,2021,7,27,21,0,0,1,0.75,2.5
25033,1627413300,2021,7,27,21,15,0,1,0.75,2.5
25033,1627414200,2021,7,27,21,30,0,1,0.75,2.5
25033,1627415100,2021,7,27,21,45,0,1,0.75,2.5
25033,1627416000,2021,7,27,22,0,0,1,0.75,2.5
25033,1627416900,2021,7,27,22,15,0,1,0.75,2.5
25033,1627417800,2021,7,27,22,30,0,0,0.75,2.5
25033,1627418700,2021,7,27,22,45,0,0,0.75,2.5
25033,1627419600,2021,7,27,23,0,0,0,0.75,2.5
25033,1627420500,2021,7,27,23,15,0,0,0.75,2.5
25033,1627421400,2021,7,27,23,30,0,0,0.75,2.5
25033,1627422300,2021,7,27,23,45,0,0,0.75,2.5
25033,1627423200,2021,7,28,0,0,0,0,0.75,2.5
25033,1627424100,2021,7,28,0,15,0,0,0.75,2.5
25033,1627425000,2021,7,28,0,30,0,0,0.75,2.5
25033,1627425900,2021,7,28,0,45,0,0,0.75,2.5
25033,1627426800,2021,7,28,1,0,0,0,0.75,2.5
25033,1627427700,2021,7,28,1,15,0,0,0.75,2.5
25033,1627428600,2021,7,28,1,30,0,0,0.75,2.5
25033,1627429500,2021,7,28,1,45,0,0,0.75,2.5
25033,1627430400,2021,7,28,2,0,0,0,0.75,2.5
25033,1627431300,2021,7,28,2,15,0,0,0.75,2.5
25033,1627432200,2021,7,28,2,30,0,0,0.75,2.5
25033,1627433100,2021,7,28,2,45,0,0,0.75,2.5
25033,1627434000,2021,7,28,3,0,0,0,0.75,2.5
25033,1627434900,2021,7,28,3,15,0,0,0.75,2.5
25033,1627435800,2021,7,28,3,30,0,0,0.75,2.5
25033,1627436700,2021,7,28,3,45,0,0,0.75,2.5
25033,1627437600,2021,7,28,4,0,0,0,0.75,2.5
25033,1627438500,2021,7,28,4,15,0,0,0.75,2.5
25033,1627439400,2021,7,28,4,30,0,0,0.75,2.5
25033,1627440300,2021,7,28,4,45,0,0,0.75,2.5
25033,1627441200,2021,7,28,5,0,0,0,0.75,2.5
25033,1627442100,2021,7,28,5,15,0,0,0.75,2.5
25033,1627443000,2021,7,28,5,30,0,0,0.75,2.5
25033,1627443900,2021,7,28,5,45,0,0,0.75,2.5
25033,1627444800,2021,7,28,6,0,0,0,0.75,2.5
25033,1627445700,2021,7,28,6,15,0,0,0.75,2.5
25033,1627446600,2021,7,28,6,30,0,0,0.75,2.5
25033,1627447500,2021,7,28,6,45,0,0,0.75,2.5
25033,1627448400,2021,7,28,7,0,0,0,0.75,2.5
25033,1627449300,2021,7,28,7,15,0,0,0.75,2.5
25033,1627450200,2021,7,28,7,30,0,0,0.75,2.5
25033,1627451100,2021,7,28,7,45,0,0,0.75,2.5
25033,1627452000,2021,7,28,8,0,0,0,0.75,2.5
25033,1627452900,2021,7,28,8,15,0,0,0.75,2.5
25033,1627453800,2021,7,28,8,30,0,0,0.75,2.5
25033,1627454700,2021,7,28,8,45,0,0,0.75,2.5
25033,1627455600,2021,7,28,9,0,0,0,0.75,2.5
25033,1627456500,2021,7,28,9,15,0,0,0.75,2.5
25033,1627457400,2021,7,28,9,30,0,0,0.75,2.5
25033,1627458300,2021,7,28,9,45,0,0,0.75,2.5
25033,1627459200,2021,7,28,10,0,0,0,0.75,2.5
25033,1627460100,2021,7,28,10,15,0,0,0.75,2.5
25033,1627461000,2021,7,28,10,30,0,1,0.75,2.5
25033,1627461900,2021,7,28,10,45,0,1,0.853448276,2.431034483
25033,1627462800,2021,7,28,11,0,0,1,1.060344828,2.293103448
25033,1627463700,2021,7,28,11,15,0,1,1.163793103,2.224137931
25033,1627464600,2021,7,28,11,30,0,2,1.577586207,1.948275862
25033,1627465500,2021,7,28,11,45,0,2,1.681034483,1.879310345
25033,1627466400,2021,7,28,12,0,0,2,1.474137931,2.017241379
25033,1627467300,2021,7,28,12,15,0,2,1.474137931,2.017241379
25033,1627468200,2021,7,28,12,30,0,1,1.267241379,2.155172414
25033,1627469100,2021,7,28,12,45,0,1,1.267241379,2.155172414
25033,1627470000,2021,7,28,13,0,0,1,1.267241379,2.155172414
25033,1627470900,2021,7,28,13,15,0,1,1.163793103,2.224137931
25033,1627471800,2021,7,28,13,30,0,1,1.163793103,2.224137931
25033,1627472700,2021,7,28,13,45,0,1,1.163793103,2.224137931
25033,1627473600,2021,7,28,14,0,0,1,1.163793103,2.224137931
25033,1627474500,2021,7,28,14,15,0,1,1.163793103,2.224137931
25033,1627475400,2021,7,28,14,30,0,1,1.060344828,2.293103448
25033,1627476300,2021,7,28,14,45,0,1,1.060344828,2.293103448
25033,1627477200,2021,7,28,15,0,0,1,1.163793103,2.224137931
25033,1627478100,2021,7,28,15,15,0,1,1.163793103,2.224137931
25033,1627479000,2021,7,28,15,30,0,1,1.267241379,2.155172414
25033,1627479900,2021,7,28,15,45,0,1,1.267241379,2.155172414
25033,1627480800,2021,7,28,16,0,0,2,1.784482759,1.810344828
25033,1627481700,2021,7,28,16,15,0,2,1.784482759,1.810344828
25033,1627482600,2021,7,28,16,30,0,3,2.50862069,1.327586207
25033,1627483500,2021,7,28,16,45,0,3,2.50862069,1.327586207
25033,1627484400,2021,7,28,17,0,0,4,3.025862069,0.982758621
25033,1627485300,2021,7,28,17,15,0,5,3.129310345,0.913793103
25033,1627486200,2021,7,28,17,30,0,6,3.75,0.5
25033,1627487100,2021,7,28,17,45,0,6,3.75,0.5
25033,1627488000,2021,7,28,18,0,0,5,3.232758621,0.844827586
25033,1627488900,2021,7,28,18,15,0,5,3.232758621,0.844827586
25033,1627489800,2021,7,28,18,30,0,5,3.232758621,0.844827586
25033,1627490700,2021,7,28,18,45,0,5,3.232758621,0.844827586
25033,1627491600,2021,7,28,19,0,0,4,3.025862069,0.982758621
25033,1627492500,2021,7,28,19,15,0,4,3.025862069,0.982758621
25033,1627493400,2021,7,28,19,30,0,4,2.612068966,1.25862069
25033,1627494300,2021,7,28,19,45,0,4,2.612068966,1.25862069
25033,1627495200,2021,7,28,20,0,0,3,2.301724138,1.465517241
25033,1627496100,2021,7,28,20,15,0,3,1.887931034,1.74137931
25033,1627497000,2021,7,28,20,30,0,2,1.577586207,1.948275862
25033,1627497900,2021,7,28,20,45,0,1,0.956896552,2.362068966
25033,1627498800,2021,7,28,21,0,0,1,0.75,2.5
25033,1627499700,2021,7,28,21,15,0,1,0.75,2.5
25033,1627500600,2021,7,28,21,30,0,1,0.75,2.5
25033,1627501500,2021,7,28,21,45,0,1,0.75,2.5
25033,1627502400,2021,7,28,22,0,0,1,0.75,2.5
25033,1627503300,2021,7,28,22,15,0,1,0.75,2.5
25033,1627504200,2021,7,28,22,30,0,0,0.75,2.5
25033,1627505100,2021,7,28,22,45,0,0,0.75,2.5
25033,1627506000,2021,7,28,23,0,0,0,0.75,2.5
25033,1627506900,2021,7,28,23,15,0,0,0.75,2.5
25033,1627507800,2021,7,28,23,30,0,0,0.75,2.5
25033,1627508700,2021,7,28,23,45,0,0,0.75,2.5
25033,1627509600,2021,7,29,0,0,0,0,0.75,2.5
25033,1627510500,2021,7,29,0,15,0,0,0.75,2.5
25033,1627511400,2021,7,29,0,30,0,0,0.75,2.5
25033,1627512300,2021,7,29,0,45,0,0,0.75,2.5
25033,1627513200,2021,7,29,1,0,0,0,0.75,2.5
25033,1627514100,2021,7,29,1,15,0,0,0.75,2.5
25033,1627515000,2021,7,29,1,30,0,0,0.75,2.5
25033,1627515900,2021,7,29,1,45,0,0,0.75,2.5
25033,1627516800,2021,7,29,2,0,0,0,0.75,2.5
25033,1627517700,2021,7,29,2,15,0,0,0.75,2.5
25033,1627518600,2021,7,29,2,30,0,0,0.75,2.5
25033,1627519500,2021,7,29,2,45,0,0,0.75,2.5
25033,1627520400,2021,7,29,3,0,0,0,0.75,2.5
25033,1627521300,2021,7,29,3,15,0,0,0.75,2.5
25033,1627522200,2021,7,29,3,30,0,0,0.75,2.5
25033,1627523100,2021,7,29,3,45,0,0,0.75,2.5
25033,1627524000,2021,7,29,4,0,0,0,0.75,2.5
25033,1627524900,2021,7,29,4,15,0,0,0.75,2.5
25033,1627525800,2021,7,29,4,30,0,0,0.75,2.5
25033,1627526700,2021,7,29,4,45,0,0,0.75,2.5
25033,1627527600,2021,7,29,5,0,0,0,0.75,2.5
25033,1627528500,2021,7,29,5,15,0,0,0.75,2.5
25033,1627529400,2021,7,29,5,30,0,0,0.75,2.5
25033,1627530300,2021,7,29,5,45,0,0,0.75,2.5
25033,1627531200,2021,7,29,6,0,0,0,0.75,2.5
25033,1627532100,2021,7,29,6,15,0,0,0.75,2.5
25033,1627533000,2021,7,29,6,30,0,0,0.75,2.5
25033,1627533900,2021,7,29,6,45,0,0,0.75,2.5
25033,1627534800,2021,7,29,7,0,0,0,0.75,2.5
25033,1627535700,2021,7,29,7,15,0,0,0.75,2.5
25033,1627536600,2021,7,29,7,30,0,0,0.75,2.5
25033,1627537500,2021,7,29,7,45,0,0,0.75,2.5
25033,1627538400,2021,7,29,8,0,0,0,0.75,2.5
25033,1627539300,2021,7,29,8,15,0,0,0.75,2.5
25033,1627540200,2021,7,29,8,30,0,0,0.75,2.5
25033,1627541100,2021,7,29,8,45,0,0,0.75,2.5
25033,1627542000,2021,7,29,9,0,0,0,0.75,2.5
25033,1627542900,2021,7,29,9,15,0,0,0.75,2.5
25033,1627543800,2021,7,29,9,30,0,0,0.75,2.5
25033,1627544700,2021,7,29,9,45,0,0,0.75,2.5
25033,1627545600,2021,7,29,10,0,0,0,0.75,2.5
25033,1627546500,2021,7,29,10,15,0,0,0.75,2.5
25033,1627547400,2021,7,29,10,30,0,1,0.75,2.5
25033,1627548300,2021,7,29,10,45,0,2,0.853448276,2.431034483
25033,1627549200,2021,7,29,11,0,0,2,1.060344828,2.293103448
25033,1627550100,2021,7,29,11,15,0,2,1.163793103,2.224137931
25033,1627551000,2021,7,29,11,30,0,3,1.577586207,1.948275862
25033,1627551900,2021,7,29,11,45,0,2,1.681034483,1.879310345
25033,1627552800,2021,7,29,12,0,0,2,1.474137931,2.017241379
25033,1627553700,2021,7,29,12,15,0,2,1.474137931,2.017241379
25033,1627554600,2021,7,29,12,30,0,2,1.267241379,2.155172414
25033,1627555500,2021,7,29,12,45,0,2,1.267241379,2.155172414
25033,1627556400,2021,7,29,13,0,0,2,1.267241379,2.155172414
25033,1627557300,2021,7,29,13,15,0,1,1.163793103,2.224137931
25033,1627558200,2021,7,29,13,30,0,1,1.163793103,2.224137931
25033,1627559100,2021,7,29,13,45,0,1,1.163793103,2.224137931
25033,1627560000,2021,7,29,14,0,0,1,1.163793103,2.224137931
25033,1627560900,2021,7,29,14,15,0,1,1.163793103,2.224137931
25033,1627561800,2021,7,29,14,30,0,1,1.060344828,2.293103448
25033,1627562700,2021,7,29,14,45,0,1,1.060344828,2.293103448
25033,1627563600,2021,7,29,15,0,0,1,1.163793103,2.224137931
25033,1627564500,2021,7,29,15,15,0,1,1.163793103,2.224137931
25033,1627565400,2021,7,29,15,30,0,1,1.267241379,2.155172414
25033,1627566300,2021,7,29,15,45,0,1,1.267241379,2.155172414
25033,1627567200,2021,7,29,16,0,0,2,1.784482759,1.810344828
25033,1627568100,2021,7,29,16,15,0,2,1.784482759,1.810344828
25033,1627569000,2021,7,29,16,30,0,3,2.50862069,1.327586207
25033,1627569900,2021,7,29,16,45,0,3,2.50862069,1.327586207
25033,1627570800,2021,7,29,17,0,0,4,3.025862069,0.982758621
25033,1627571700,2021,7,29,17,15,0,4,3.129310345,0.913793103
25033,1627572600,2021,7,29,17,30,0,4,3.75,0.5
25033,1627573500,2021,7,29,17,45,0,4,3.75,0.5
25033,1627574400,2021,7,29,18,0,0,4,3.232758621,0.844827586
25033,1627575300,2021,7,29,18,15,0,4,3.232758621,0.844827586
25033,1627576200,2021,7,29,18,30,0,4,3.232758621,0.844827586
25033,1627577100,2021,7,29,18,45,0,4,3.232758621,0.844827586
25033,1627578000,2021,7,29,19,0,0,4,3.025862069,0.982758621
25033,1627578900,2021,7,29,19,15,0,4,3.025862069,0.982758621
25033,1627579800,2021,7,29,19,30,0,4,2.612068966,1.25862069
25033,1627580700,2021,7,29,19,45,0,4,2.612068966,1.25862069
25033,1627581600,2021,7,29,20,0,0,3,2.301724138,1.465517241
25033,1627582500,2021,7,29,20,15,0,2,1.887931034,1.74137931
25033,1627583400,2021,7,29,20,30,0,2,1.577586207,1.948275862
25033,1627584300,2021,7,29,20,45,0,1,0.956896552,2.362068966
25033,1627585200,2021,7,29,21,0,0,1,0.75,2.5
25033,1627586100,2021,7,29,21,15,0,1,0.75,2.5
25033,1627587000,2021,7,29,21,30,0,1,0.75,2.5
25033,1627587900,2021,7,29,21,45,0,1,0.75,2.5
25033,1627588800,2021,7,29,22,0,0,1,0.75,2.5
25033,1627589700,2021,7,29,22,15,0,1,0.75,2.5
25033,1627590600,2021,7,29,22,30,0,0,0.75,2.5
25033,1627591500,2021,7,29,22,45,0,0,0.75,2.5
25033,1627592400,2021,7,29,23,0,0,0,0.75,2.5
25033,1627593300,2021,7,29,23,15,0,0,0.75,2.5
25033,1627594200,2021,7,29,23,30,0,0,0.75,2.5
25033,1627595100,2021,7,29,23,45,0,0,0.75,2.5
25033,1627596000,2021,7,30,0,0,0,0,0.75,2.5
25033,1627596900,2021,7,30,0,15,0,0,0.75,2.5
25033,1627597800,2021,7,30,0,30,0,0,0.75,2.5
25033,1627598700,2021,7,30,0,45,0,0,0.75,2.5
25033,1627599600,2021,7,30,1,0,0,0,0.75,2.5
25033,1627600500,2021,7,30,1,15,0,0,0.75,2.5
25033,1627601400,2021,7,30,1,30,0,0,0.75,2.5
25033,1627602300,2021,7,30,1,45,0,0,0.75,2.5
25033,1627603200,2021,7,30,2,0,0,0,0.75,2.5
25033,1627604100,2021,7,30,2,15,0,0,0.75,2.5
25033,1627605000,2021,7,30,2,30,0,0,0.75,2.5
25033,1627605900,2021,7,30,2,45,0,0,0.75,2.5
25033,1627606800,2021,7,30,3,0,0,0,0.75,2.5
25033,1627607700,2021,7,30,3,15,0,0,0.75,2.5
25033,1627608600,2021,7,30,3,30,0,0,0.75,2.5
25033,1627609500,2021,7,30,3,45,0,0,0.75,2.5
25033,1627610400,2021,7,30,4,0,0,0,0.75,2.5
25033,1627611300,2021,7,30,4,15,0,0,0.75,2.5
25033,1627612200,2021,7,30,4,30,0,0,0.75,2.5
25033,1627613100,2021,7,30,4,45,0,0,0.75,2.5
25033,1627614000,2021,7,30,5,0,0,0,0.75,2.5
25033,1627614900,2021,7,30,5,15,0,0,0.75,2.5
25033,1627615800,2021,7,30,5,30,0,0,0.75,2.5
25033,1627616700,2021,7,30,5,45,0,0,0.75,2.5
25033,1627617600,2021,7,30,6,0,0,0,0.75,2.5
25033,1627618500,2021,7,30,6,15,0,0,0.75,2.5
25033,1627619400,2021,7,30,6,30,0,0,0.75,2.5
25033,1627620300,2021,7,30,6,45,0,0,0.75,2.5
25033,1627621200,2021,7,30,7,0,0,0,0.75,2.5
25033,1627622100,2021,7,30,7,15,0,0,0.75,2.5
25033,1627623000,2021,7,30,7,30,0,0,0.75,2.5
25033,1627623900,2021,7,30,7,45,0,0,0.75,2.5
25033,1627624800,2021,7,30,8,0,0,0,0.75,2.5
25033,1627625700,2021,7,30,8,15,0,0,0.75,2.5
25033,1627626600,2021,7,30,8,30,0,0,0.75,2.5
25033,1627627500,2021,7,30,8,45,0,0,0.75,2.5
25033,1627628400,2021,7,30,9,0,0,0,0.75,2.5
25033,1627629300,2021,7,30,9,15,0,0,0.75,2.5
25033,1627630200,2021,7,30,9,30,0,0,0.75,2.5
25033,1627631100,2021,7,30,9,45,0,0,0.75,2.5
25033,1627632000,2021,7,30,10,0,0,0,0.75,2.5
25033,1627632900,2021,7,30,10,15,0,0,0.75,2.5
25033,1627633800,2021,7,30,10,30,0,1,0.75,2.5
25033,1627634700,2021,7,30,10,45,0,1,0.853448276,2.431034483
25033,1627635600,2021,7,30,11,0,0,2,1.060344828,2.293103448
25033,1627636500,2021,7,30,11,15,0,2,1.163793103,2.224137931
25033,1627637400,2021,7,30,11,30,0,2,1.577586207,1.948275862
25033,1627638300,2021,7,30,11,45,0,2,1.681034483,1.879310345
25033,1627639200,2021,7,30,12,0,0,2,1.474137931,2.017241379
25033,1627640100,2021,7,30,12,15,0,2,1.474137931,2.017241379
25033,1627641000,2021,7,30,12,30,0,1,1.267241379,2.155172414
25033,1627641900,2021,7,30,12,45,0,1,1.267241379,2.155172414
25033,1627642800,2021,7,30,13,0,0,1,1.267241379,2.155172414
25033,1627643700,2021,7,30,13,15,0,1,1.163793103,2.224137931
25033,1627644600,2021,7,30,13,30,0,1,1.163793103,2.224137931
25033,1627645500,2021,7,30,13,45,0,1,1.163793103,2.224137931
25033,1627646400,2021,7,30,14,0,0,1,1.163793103,2.224137931
25033,1627647300,2021,7,30,14,15,0,1,1.163793103,2.224137931
25033,1627648200,2021,7,30,14,30,0,1,1.060344828,2.293103448
25033,1627649100,2021,7,30,14,45,0,1,1.060344828,2.293103448
25033,1627650000,2021,7,30,15,0,0,1,1.163793103,2.224137931
25033,1627650900,2021,7,30,15,15,0,1,1.163793103,2.224137931
25033,1627651800,2021,7,30,15,30,0,2,1.267241379,2.155172414
25033,1627652700,2021,7,30,15,45,0,2,1.267241379,2.155172414
25033,1627653600,2021,7,30,16,0,0,3,1.784482759,1.810344828
25033,1627654500,2021,7,30,16,15,0,3,1.784482759,1.810344828
25033,1627655400,2021,7,30,16,30,0,4,2.50862069,1.327586207
25033,1627656300,2021,7,30,16,45,0,4,2.50862069,1.327586207
25033,1627657200,2021,7,30,17,0,0,5,3.025862069,0.982758621
25033,1627658100,2021,7,30,17,15,0,5,3.129310345,0.913793103
25033,1627659000,2021,7,30,17,30,0,6,3.75,0.5
25033,1627659900,2021,7,30,17,45,0,6,3.75,0.5
25033,1627660800,2021,7,30,18,0,0,5,3.232758621,0.844827586
25033,1627661700,2021,7,30,18,15,0,5,3.232758621,0.844827586
25033,1627662600,2021,7,30,18,30,0,5,3.232758621,0.844827586
25033,1627663500,2021,7,30,18,45,0,5,3.232758621,0.844827586
25033,1627664400,2021,7,30,19,0,0,5,3.025862069,0.982758621
25033,1627665300,2021,7,30,19,15,0,5,3.025862069,0.982758621
25033,1627666200,2021,7,30,19,30,0,4,2.612068966,1.25862069
25033,1627667100,2021,7,30,19,45,0,4,2.612068966,1.25862069
25033,1627668000,2021,7,30,20,0,0,4,2.301724138,1.465517241
25033,1627668900,2021,7,30,20,15,0,4,1.887931034,1.74137931
25033,1627669800,2021,7,30,20,30,0,3,1.577586207,1.948275862
25033,1627670700,2021,7,30,20,45,0,2,0.956896552,2.362068966
25033,1627671600,2021,7,30,21,0,0,1,0.75,2.5
25033,1627672500,2021,7,30,21,15,0,1,0.75,2.5
25033,1627673400,2021,7,30,21,30,0,1,0.75,2.5
25033,1627674300,2021,7,30,21,45,0,1,0.75,2.5
25033,1627675200,2021,7,30,22,0,0,1,0.75,2.5
25033,1627676100,2021,7,30,22,15,0,1,0.75,2.5
25033,1627677000,2021,7,30,22,30,0,0,0.75,2.5
25033,1627677900,2021,7,30,22,45,0,0,0.75,2.5
25033,1627678800,2021,7,30,23,0,0,0,0.75,2.5
25033,1627679700,2021,7,30,23,15,0,0,0.75,2.5
25033,1627680600,2021,7,30,23,30,0,0,0.75,2.5
25033,1627681500,2021,7,30,23,45,0,0,0.75,2.5
25033,1627682400,2021,7,31,0,0,0,0,0.75,2.5
25033,1627683300,2021,7,31,0,15,0,0,0.75,2.5
25033,1627684200,2021,7,31,0,30,0,0,0.75,2.5
25033,1627685100,2021,7,31,0,45,0,0,0.75,2.5
25033,1627686000,2021,7,31,1,0,0,0,0.75,2.5
25033,1627686900,2021,7,31,1,15,0,0,0.75,2.5
25033,1627687800,2021,7,31,1,30,0,0,0.75,2.5
25033,1627688700,2021,7,31,1,45,0,0,0.75,2.5
25033,1627689600,2021,7,31,2,0,0,0,0.75,2.5
25033,1627690500,2021,7,31,2,15,0,0,0.75,2.5
25033,1627691400,2021,7,31,2,30,0,0,0.75,2.5
25033,1627692300,2021,7,31,2,45,0,0,0.75,2.5
25033,1627693200,2021,7,31,3,0,0,0,0.75,2.5
25033,1627694100,2021,7,31,3,15,0,0,0.75,2.5
25033,1627695000,2021,7,31,3,30,0,0,0.75,2.5
25033,1627695900,2021,7,31,3,45,0,0,0.75,2.5
25033,1627696800,2021,7,31,4,0,0,0,0.75,2.5
25033,1627697700,2021,7,31,4,15,0,0,0.75,2.5
25033,1627698600,2021,7,31,4,30,0,0,0.75,2.5
25033,1627699500,2021,7,31,4,45,0,0,0.75,2.5
25033,1627700400,2021,7,31,5,0,0,0,0.75,2.5
25033,1627701300,2021,7,31,5,15,0,0,0.75,2.5
25033,1627702200,2021,7,31,5,30,0,0,0.75,2.5
25033,1627703100,2021,7,31,5,45,0,0,0.75,2.5
25033,1627704000,2021,7,31,6,0,0,0,0.75,2.5
25033,1627704900,2021,7,31,6,15,0,0,0.75,2.5
25033,1627705800,2021,7,31,6,30,0,0,0.75,2.5
25033,1627706700,2021,7,31,6,45,0,0,0.75,2.5
25033,1627707600,2021,7,31,7,0,0,0,0.75,2.5
25033,1627708500,2021,7,31,7,15,0,0,0.75,2.5
25033,1627709400,2021,7,31,7,30,0,0,0.75,2.5
25033,1627710300,2021,7,31,7,45,0,0,0.75,2.5
25033,1627711200,2021,7,31,8,0,0,0,0.75,2.5
25033,1627712100,2021,7,31,8,15,0,0,0.75,2.5
25033,1627713000,2021,7,31,8,30,0,0,0.75,2.5
25033,1627713900,2021,7,31,8,45,0,0,0.75,2.5
25033,1627714800,2021,7,31,9,0,0,0,0.75,2.5
25033,1627715700,2021,7,31,9,15,0,0,0.75,2.5
25033,1627716600,2021,7,31,9,30,0,0,0.75,2.5
25033,1627717500,2021,7,31,9,45,0,0,0.75,2.5
25033,1627718400,2021,7,31,10,0,0,0,0.75,2.5
25033,1627719300,2021,7,31,10,15,0,0,0.75,2.5
25033,1627720200,2021,7,31,10,30,0,1,0.75,2.5
25033,1627721100,2021,7,31,10,45,0,1,0.853448276,2.431034483
25033,1627722000,2021,7,31,11,0,0,1,1.060344828,2.293103448
25033,1627722900,2021,7,31,11,15,0,2,1.163793103,2.224137931
25033,1627723800,2021,7,31,11,30,0,2,1.577586207,1.948275862
25033,1627724700,2021,7,31,11,45,0,3,1.681034483,1.879310345
25033,1627725600,2021,7,31,12,0,0,3,1.474137931,2.017241379
25033,1627726500,2021,7,31,12,15,0,3,1.474137931,2.017241379
25033,1627727400,2021,7,31,12,30,0,3,1.267241379,2.155172414
25033,1627728300,2021,7,31,12,45,0,3,1.267241379,2.155172414
25033,1627729200,2021,7,31,13,0,0,3,1.267241379,2.155172414
25033,1627730100,2021,7,31,13,15,0,3,1.163793103,2.224137931
25033,1627731000,2021,7,31,13,30,0,3,1.163793103,2.224137931
25033,1627731900,2021,7,31,13,45,0,3,1.163793103,2.224137931
25033,1627732800,2021,7,31,14,0,0,3,1.163793103,2.224137931
25033,1627733700,2021,7,31,14,15,0,3,1.163793103,2.224137931
25033,1627734600,2021,7,31,14,30,0,2,1.060344828,2.293103448
25033,1627735500,2021,7,31,14,45,0,2,1.060344828,2.293103448
25033,1627736400,2021,7,31,15,0,0,3,1.163793103,2.224137931
25033,1627737300,2021,7,31,15,15,0,3,1.163793103,2.224137931
25033,1627738200,2021,7,31,15,30,0,3,1.267241379,2.155172414
25033,1627739100,2021,7,31,15,45,0,3,1.267241379,2.155172414
25033,1627740000,2021,7,31,16,0,0,3,1.784482759,1.810344828
25033,1627740900,2021,7,31,16,15,0,3,1.784482759,1.810344828
25033,1627741800,2021,7,31,16,30,0,4,2.50862069,1.327586207
25033,1627742700,2021,7,31,16,45,0,4,2.50862069,1.327586207
25033,1627743600,2021,7,31,17,0,0,5,3.025862069,0.982758621
25033,1627744500,2021,7,31,17,15,0,5,3.129310345,0.913793103
25033,1627745400,2021,7,31,17,30,0,6,3.75,0.5
25033,1627746300,2021,7,31,17,45,0,6,3.75,0.5
25033,1627747200,2021,7,31,18,0,0,5,3.232758621,0.844827586
25033,1627748100,2021,7,31,18,15,0,5,3.232758621,0.844827586
25033,1627749000,2021,7,31,18,30,0,5,3.232758621,0.844827586
25033,1627749900,2021,7,31,18,45,0,5,3.232758621,0.844827586
25033,1627750800,2021,7,31,19,0,0,5,3.025862069,0.982758621
25033,1627751700,2021,7,31,19,15,0,5,3.025862069,0.982758621
25033,1627752600,2021,7,31,19,30,0,4,2.612068966,1.25862069
25033,1627753500,2021,7,31,19,45,0,4,2.612068966,1.25862069
25033,1627754400,2021,7,31,20,0,0,3,2.301724138,1.465517241
25033,1627755300,2021,7,31,20,15,0,3,1.887931034,1.74137931
25033,1627756200,2021,7,31,20,30,0,2,1.577586207,1.948275862
25033,1627757100,2021,7,31,20,45,0,2,0.956896552,2.362068966
25033,1627758000,2021,7,31,21,0,0,1,0.75,2.5
25033,1627758900,2021,7,31,21,15,0,1,0.75,2.5
25033,1627759800,2021,7,31,21,30,0,1,0.75,2.5
25033,1627760700,2021,7,31,21,45,0,1,0.75,2.5
25033,1627761600,2021,7,31,22,0,0,1,0.75,2.5
25033,1627762500,2021,7,31,22,15,0,1,0.75,2.5
25033,1627763400,2021,7,31,22,30,0,0,0.75,2.5
25033,1627764300,2021,7,31,22,45,0,0,0.75,2.5
25033,1627765200,2021,7,31,23,0,0,0,0.75,2.5
25033,1627766100,2021,7,31,23,15,0,0,0.75,2.5
25033,1627767000,2021,7,31,23,30,0,0,0.75,2.5
25033,1627767900,2021,7,31,23,45,0,0,0.75,2.5
25033,1627768800,2021,8,1,0,0,0,0,0.75,2.5
25033,1627769700,2021,8,1,0,15,0,0,0.75,2.5
25033,1627770600,2021,8,1,0,30,0,0,0.75,2.5
25033,1627771500,2021,8,1,0,45,0,0,0.75,2.5
25033,1627772400,2021,8,1,1,0,0,0,0.75,2.5
25033,1627773300,2021,8,1,1,15,0,0,0.75,2.5
25033,1627774200,2021,8,1,1,30,0,0,0.75,2.5
25033,1627775100,2021,8,1,1,45,0,0,0.75,2.5
25033,1627776000,2021,8,1,2,0,0,0,0.75,2.5
25033,1627776900,2021,8,1,2,15,0,0,0.75,2.5
25033,1627777800,2021,8,1,2,30,0,0,0.75,2.5
25033,1627778700,2021,8,1,2,45,0,0,0.75,2.5
25033,1627779600,2021,8,1,3,0,0,0,0.75,2.5
25033,1627780500,2021,8,1,3,15,0,0,0.75,2.5
25033,1627781400,2021,8,1,3,30,0,0,0.75,2.5
25033,1627782300,2021,8,1,3,45,0,0,0.75,2.5
25033,1627783200,2021,8,1,4,0,0,0,0.75,2.5
25033,1627784100,2021,8,1,4,15,0,0,0.75,2.5
25033,1627785000,2021,8,1,4,30,0,0,0.75,2.5
25033,1627785900,2021,8,1,4,45,0,0,0.75,2.5
25033,1627786800,2021,8,1,5,0,0,0,0.75,2.5
25033,1627787700,2021,8,1,5,15,0,0,0.75,2.5
25033,1627788600,2021,8,1,5,30,0,0,0.75,2.5
25033,1627789500,2021,8,1,5,45,0,0,0.75,2.5
25033,1627790400,2021,8,1,6,0,0,0,0.75,2.5
25033,1627791300,2021,8,1,6,15,0,0,0.75,2.5
25033,1627792200,2021,8,1,6,30,0,0,0.75,2.5
25033,1627793100,2021,8,1,6,45,0,0,0.75,2.5
25033,1627794000,2021,8,1,7,0,0,0,0.75,2.5
25033,1627794900,2021,8,1,7,15,0,0,0.75,2.5
25033,1627795800,2021,8,1,7,30,0,0,0.75,2.5
25033,1627796700,2021,8,1,7,45,0,0,0.75,2.5
25033,1627797600,2021,8,1,8,0,0,0,0.75,2.5
25033,1627798500,2021,8,1,8,15,0,0,0.75,2.5
25033,1627799400,2021,8,1,8,30,0,0,0.75,2.5
25033,1627800300,2021,8,1,8,45,0,0,0.75,2.5
25033,1627801200,2021,8,1,9,0,0,0,0.75,2.5
25033,1627802100,2021,8,1,9,15,0,0,0.75,2.5
25033,1627803000,2021,8,1,9,30,0,0,0.75,2.5
25033,1627803900,2021,8,1,9,45,0,0,0.75,2.5
25033,1627804800,2021,8,1,10,0,0,0,0.75,2.5
25033,1627805700,2021,8,1,10,15,0,0,0.75,2.5
25033,1627806600,2021,8,1,10,30,0,1,0.75,2.5
25033,1627807500,2021,8,1,10,45,0,1,0.853448276,2.431034483
25033,1627808400,2021,8,1,11,0,0,2,1.060344828,2.293103448
25033,1627809300,2021,8,1,11,15,0,2,1.163793103,2.224137931
25033,1627810200,2021,8,1,11,30,0,2,1.577586207,1.948275862
25033,1627811100,2021,8,1,11,45,0,3,1.681034483,1.879310345
25033,1627812000,2021,8,1,12,0,0,3,1.474137931,2.017241379
25033,1627812900,2021,8,1,12,15,0,3,1.474137931,2.017241379
25033,1627813800,2021,8,1,12,30,0,3,1.267241379,2.155172414
25033,1627814700,2021,8,1,12,45,0,3,1.267241379,2.155172414
25033,1627815600,2021,8,1,13,0,0,3,1.267241379,2.155172414
25033,1627816500,2021,8,1,13,15,0,3,1.163793103,2.224137931
25033,1627817400,2021,8,1,13,30,0,3,1.163793103,2.224137931
25033,1627818300,2021,8,1,13,45,0,3,1.163793103,2.224137931
25033,1627819200,2021,8,1,14,0,0,3,1.163793103,2.224137931
25033,1627820100,2021,8,1,14,15,0,3,1.163793103,2.224137931
25033,1627821000,2021,8,1,14,30,0,3,1.060344828,2.293103448
25033,1627821900,2021,8,1,14,45,0,3,1.060344828,2.293103448
25033,1627822800,2021,8,1,15,0,0,3,1.163793103,2.224137931
25033,1627823700,2021,8,1,15,15,0,3,1.163793103,2.224137931
25033,1627824600,2021,8,1,15,30,0,3,1.267241379,2.155172414
25033,1627825500,2021,8,1,15,45,0,3,1.267241379,2.155172414
25033,1627826400,2021,8,1,16,0,0,3,1.784482759,1.810344828
25033,1627827300,2021,8,1,16,15,0,3,1.784482759,1.810344828
25033,1627828200,2021,8,1,16,30,0,4,2.50862069,1.327586207
25033,1627829100,2021,8,1,16,45,0,4,2.50862069,1.327586207
25033,1627830000,2021,8,1,17,0,0,4,3.025862069,0.982758621
25033,1627830900,2021,8,1,17,15,0,4,3.129310345,0.913793103
25033,1627831800,2021,8,1,17,30,0,5,3.75,0.5
25033,1627832700,2021,8,1,17,45,0,5,3.75,0.5
25033,1627833600,2021,8,1,18,0,0,4,3.232758621,0.844827586
25033,1627834500,2021,8,1,18,15,0,4,3.232758621,0.844827586
25033,1627835400,2021,8,1,18,30,0,4,3.232758621,0.844827586
25033,1627836300,2021,8,1,18,45,0,4,3.232758621,0.844827586
25033,1627837200,2021,8,1,19,0,0,3,3.025862069,0.982758621
25033,1627838100,2021,8,1,19,15,0,3,3.025862069,0.982758621
25033,1627839000,2021,8,1,19,30,0,3,2.612068966,1.25862069
25033,1627839900,2021,8,1,19,45,0,3,2.612068966,1.25862069
25033,1627840800,2021,8,1,20,0,0,3,2.301724138,1.465517241
25033,1627841700,2021,8,1,20,15,0,2,1.887931034,1.74137931
25033,1627842600,2021,8,1,20,30,0,2,1.577586207,1.948275862
25033,1627843500,2021,8,1,20,45,0,1,0.956896552,2.362068966
25033,1627844400,2021,8,1,21,0,0,1,0.75,2.5
25033,1627845300,2021,8,1,21,15,0,1,0.75,2.5
25033,1627846200,2021,8,1,21,30,0,1,0.75,2.5
25033,1627847100,2021,8,1,21,45,0,1,0.75,2.5
25033,1627848000,2021,8,1,22,0,0,1,0.75,2.5
25033,1627848900,2021,8,1,22,15,0,1,0.75,2.5
25033,1627849800,2021,8,1,22,30,0,0,0.75,2.5
25033,1627850700,2021,8,1,22,45,0,0,0.75,2.5
25033,1627851600,2021,8,1,23,0,0,0,0.75,2.5
25033,1627852500,2021,8,1,23,15,0,0,0.75,2.5
25033,1627853400,2021,8,1,23,30,0,0,0.75,2.5
25033,1627854300,2021,8,1,23,45,0,0,0.75,2.5
25033,1627855200,2021,8,2,0,0,0,0,0.75,2.5
25033,1627856100,2021,8,2,0,15,0,0,0.75,2.5
25033,1627857000,2021,8,2,0,30,0,0,0.75,2.5
25033,1627857900,2021,8,2,0,45,0,0,0.75,2.5
25033,1627858800,2021,8,2,1,0,0,0,0.75,2.5
25033,1627859700,2021,8,2,1,15,0,0,0.75,2.5
25033,1627860600,2021,8,2,1,30,0,0,0.75,2.5
25033,1627861500,2021,8,2,1,45,0,0,0.75,2.5
25033,1627862400,2021,8,2,2,0,0,0,0.75,2.5
25033,1627863300,2021,8,2,2,15,0,0,0.75,2.5
25033,1627864200,2021,8,2,2,30,0,0,0.75,2.5
25033,1627865100,2021,8,2,2,45,0,0,0.75,2.5
25033,1627866000,2021,8,2,3,0,0,0,0.75,2.5
25033,1627866900,2021,8,2,3,15,0,0,0.75,2.5
25033,1627867800,2021,8,2,3,30,0,0,0.75,2.5
25033,1627868700,2021,8,2,3,45,0,0,0.75,2.5