employee_id,,from_year,from_month,from_day,from_hour,from_minute,from_second,to_unix_time,to_year,to_month,to_day,to_hour,to_minute,to_second
528741,1626888600,2021,7,21,19,30,0,1626899400,2021,7,21,22,30,0
528741,1626795000,2021,7,20,17,30,0,1626809400,2021,7,20,21,30,0
528741,1626707700,2021,7,19,17,15,0,1626719400,2021,7,19,20,30,0
528741,1626972300,2021,7,22,18,45,0,1626985800,2021,7,22,22,30,0
528741,1627054200,2021,7,23,17,30,0,1627066800,2021,7,23,21,0,0
588786,1626879600,2021,7,21,17,0,0,1626888600,2021,7,21,19,30,0
529775,1626968700,2021,7,22,17,45,0,1626978600,2021,7,22,20,30,0
529775,1627139700,2021,7,24,17,15,0,1627147800,2021,7,24,19,30,0
896996,1626769800,2021,7,20,10,30,0,1626781500,2021,7,20,13,45,0
588788,1626786000,2021,7,20,15,0,0,1626800400,2021,7,20,19,0,0
588788,1626683400,2021,7,19,10,30,0,1626694200,2021,7,19,13,30,0
529775,1626796800,2021,7,20,18,0,0,1626805800,2021,7,20,20,30,0
992690,1627215300,2021,7,25,14,15,0,1627228800,2021,7,25,18,0,0
609242,1626962400,2021,7,22,16,0,0,1626973200,2021,7,22,19,0,0
529775,1627201800,2021,7,25,10,30,0,1627216200,2021,7,25,14,30,0
588786,1626703200,2021,7,19,16,0,0,1626714000,2021,7,19,19,0,0
588786,1627137000,2021,7,24,16,30,0,1627151400,2021,7,24,20,30,0
588786,1627043400,2021,7,23,14,30,0,1627056000,2021,7,23,18,0,0
612034,1626703200,2021,7,19,16,0,0,1626717600,2021,7,19,20,0,0
612034,1626794100,2021,7,20,17,15,0,1626805800,2021,7,20,20,30,0
609242,1627056900,2021,7,23,18,15,0,1627070400,2021,7,23,22,0,0
588786,1626962400,2021,7,22,16,0,0,1626975000,2021,7,22,19,30,0
609242,1626880500,2021,7,21,17,15,0,1626892200,2021,7,21,20,30,0
983559,1626786000,2021,7,20,15,0,0,1626802200,2021,7,20,19,30,0
588788,1626882300,2021,7,21,17,45,0,1626895800,2021,7,21,21,30,0
612034,1626876000,2021,7,21,16,0,0,1626888600,2021,7,21,19,30,0
588788,1626712200,2021,7,19,18,30,0,1626726600,2021,7,19,22,30,0
794619,1627047000,2021,7,23,15,30,0,1627056000,2021,7,23,18,0,0
826572,1627228800,2021,7,25,18,0,0,1627243200,2021,7,25,22,0,0
824420,1627223400,2021,7,25,16,30,0,1627236000,2021,7,25,20,0,0
850620,1626963300,2021,7,22,16,15,0,1626974100,2021,7,22,19,15,0
824420,1626858900,2021,7,21,11,15,0,1626872400,2021,7,21,15,0,0
850620,1627115400,2021,7,24,10,30,0,1627127100,2021,7,24,13,45,0
612034,1627050600,2021,7,23,16,30,0,1627061400,2021,7,23,19,30,0
902484,1626878700,2021,7,21,16,45,0,1626891300,2021,7,21,20,15,0
853000,1627061400,2021,7,23,19,30,0,1627072200,2021,7,23,22,30,0
853000,1627127100,2021,7,24,13,45,0,1627141500,2021,7,24,17,45,0
824420,1627029000,2021,7,23,10,30,0,1627041600,2021,7,23,14,0,0
826572,1627045200,2021,7,23,15,0,0,1627056900,2021,7,23,18,15,0
826572,1627206300,2021,7,25,11,45,0,1627219800,2021,7,25,15,30,0
857458,1626965100,2021,7,22,16,45,0,1626978600,2021,7,22,20,30,0
824420,1627201800,2021,7,25,10,30,0,1627215300,2021,7,25,14,15,0
983559,1626692400,2021,7,19,13,0,0,1626712200,2021,7,19,18,30,0
853000,1626863400,2021,7,21,12,30,0,1626874200,2021,7,21,15,30,0
857458,1627218000,2021,7,25,15,0,0,1627232400,2021,7,25,19,0,0
612034,1626973200,2021,7,22,19,0,0,1626984000,2021,7,22,22,0,0
826572,1626946200,2021,7,22,11,30,0,1626957000,2021,7,22,14,30,0
902484,1626971400,2021,7,22,18,30,0,1626985800,2021,7,22,22,30,0
864204,1626772500,2021,7,20,11,15,0,1626786000,2021,7,20,15,0,0
857458,1627049700,2021,7,23,16,15,0,1627060500,2021,7,23,19,15,0
894160,1626790500,2021,7,20,16,15,0,1626801300,2021,7,20,19,15,0
853000,1626699600,2021,7,19,15,0,0,1626712200,2021,7,19,18,30,0
824420,1626942600,2021,7,22,10,30,0,1626955200,2021,7,22,14,0,0
850620,1627049700,2021,7,23,16,15,0,1627061400,2021,7,23,19,30,0
794619,1627220700,2021,7,25,15,45,0,1627232400,2021,7,25,19,0,0
900483,1626887700,2021,7,21,19,15,0,1626899400,2021,7,21,22,30,0
879106,1627138800,2021,7,24,17,0,0,1627150500,2021,7,24,20,15,0
879106,1626881400,2021,7,21,17,30,0,1626892200,2021,7,21,20,30,0
894160,1627118100,2021,7,24,11,15,0,1627131600,2021,7,24,15,0,0
894160,1627050600,2021,7,23,16,30,0,1627063200,2021,7,23,20,0,0
894160,1626704100,2021,7,19,16,15,0,1626717600,2021,7,19,20,0,0
794619,1626966000,2021,7,22,17,0,0,1626976800,2021,7,22,20,0,0
894160,1626683400,2021,7,19,10,30,0,1626701400,2021,7,19,15,30,0
879106,1627227000,2021,7,25,17,30,0,1627237800,2021,7,25,20,30,0
528741,1627131600,2021,7,24,15,0,0,1627146000,2021,7,24,19,0,0
864204,1627056000,2021,7,23,18,0,0,1627068600,2021,7,23,21,30,0
894160,1627206300,2021,7,25,11,45,0,1627217100,2021,7,25,14,45,0
894160,1626958800,2021,7,22,15,0,0,1626971400,2021,7,22,18,30,0
853000,1627146000,2021,7,24,19,0,0,1627158600,2021,7,24,22,30,0
794619,1627030800,2021,7,23,11,0,0,1627043400,2021,7,23,14,30,0
931873,1627053300,2021,7,23,17,15,0,1627064100,2021,7,23,20,15,0
826572,1627138800,2021,7,24,17,0,0,1627152300,2021,7,24,20,45,0
879106,1626794100,2021,7,20,17,15,0,1626805800,2021,7,20,20,30,0
900483,1627133400,2021,7,24,15,30,0,1627146900,2021,7,24,19,15,0
900483,1627054200,2021,7,23,17,30,0,1627065000,2021,7,23,20,30,0
931873,1627029000,2021,7,23,10,30,0,1627043400,2021,7,23,14,30,0
902484,1627129800,2021,7,24,14,30,0,1627144200,2021,7,24,18,30,0
879106,1627115400,2021,7,24,10,30,0,1627129800,2021,7,24,14,30,0
902484,1627203600,2021,7,25,11,0,0,1627218000,2021,7,25,15,0,0
894160,1627138800,2021,7,24,17,0,0,1627149600,2021,7,24,20,0,0
983559,1627232400,2021,7,25,19,0,0,1627245000,2021,7,25,22,30,0
857458,1626792300,2021,7,20,16,45,0,1626804000,2021,7,20,20,0,0
931873,1626942600,2021,7,22,10,30,0,1626953400,2021,7,22,13,30,0
983559,1626944400,2021,7,22,11,0,0,1626958800,2021,7,22,15,0,0
983559,1627144200,2021,7,24,18,30,0,1627158600,2021,7,24,22,30,0
931873,1627142400,2021,7,24,18,0,0,1627156800,2021,7,24,22,0,0
992852,1626876000,2021,7,21,16,0,0,1626887700,2021,7,21,19,15,0
992852,1626705900,2021,7,19,16,45,0,1626719400,2021,7,19,20,30,0
857458,1626872400,2021,7,21,15,0,0,1626883200,2021,7,21,18,0,0
824420,1627127100,2021,7,24,13,45,0,1627138800,2021,7,24,17,0,0
931873,1627203600,2021,7,25,11,0,0,1627216200,2021,7,25,14,30,0
992852,1626801300,2021,7,20,19,15,0,1626813000,2021,7,20,22,30,0
931873,1627119000,2021,7,24,11,30,0,1627131600,2021,7,24,15,0,0
992690,1626714000,2021,7,19,19,0,0,1626726600,2021,7,19,22,30,0
853000,1626715800,2021,7,19,19,30,0,1626723000,2021,7,19,21,30,0
528741,1626692400,2021,7,19,13,0,0,1626701400,2021,7,19,15,30,0
853000,1626805800,2021,7,20,20,30,0,1626813000,2021,7,20,22,30,0
612034,1626773400,2021,7,20,11,30,0,1626780600,2021,7,20,13,30,0
793925,1626781500,2021,7,20,13,45,0,1626795000,2021,7,20,17,30,0
793925,1626859800,2021,7,21,11,30,0,1626867000,2021,7,21,13,30,0
793925,1626872400,2021,7,21,15,0,0,1626885900,2021,7,21,18,45,0
931873,1626856200,2021,7,21,10,30,0,1626863400,2021,7,21,12,30,0
826572,1626965100,2021,7,22,16,45,0,1626972300,2021,7,22,18,45,0
588788,1626955200,2021,7,22,14,0,0,1626963300,2021,7,22,16,15,0
793925,1627031700,2021,7,23,11,15,0,1627046100,2021,7,23,15,15,0
793925,1627141500,2021,7,24,17,45,0,1627150500,2021,7,24,20,15,0
900493,1627131600,2021,7,24,15,0,0,1627138800,2021,7,24,17,0,0
588788,1627230600,2021,7,25,18,30,0,1627245000,2021,7,25,22,30,0
588788,1627216200,2021,7,25,14,30,0,1627227000,2021,7,25,17,30,0
900493,1627216200,2021,7,25,14,30,0,1627230600,2021,7,25,18,30,0
793925,1627222500,2021,7,25,16,15,0,1627236900,2021,7,25,20,15,0
529775,1626683400,2021,7,19,10,30,0,1626697800,2021,7,19,14,30,0
588788,1626856200,2021,7,21,10,30,0,1626870600,2021,7,21,14,30,0
992690,1627059600,2021,7,23,19,0,0,1627072200,2021,7,23,22,30,0
588786,1627119900,2021,7,24,11,45,0,1627127100,2021,7,24,13,45,0
824420,1626769800,2021,7,20,10,30,0,1626782400,2021,7,20,14,0,0
992852,1626856200,2021,7,21,10,30,0,1626863400,2021,7,21,12,30,0
879106,1627052400,2021,7,23,17,0,0,1627059600,2021,7,23,19,0,0
794619,1626769800,2021,7,20,10,30,0,1626784200,2021,7,20,14,30,0
902484,1626708600,2021,7,19,17,30,0,1626723000,2021,7,19,21,30,0
793925,1626715800,2021,7,19,19,30,0,1626724800,2021,7,19,22,0,0
612034,1626687000,2021,7,19,11,30,0,1626701400,2021,7,19,15,30,0
853000,1626878700,2021,7,21,16,45,0,1626893100,2021,7,21,20,45,0
983559,1626775200,2021,7,20,12,0,0,1626784200,2021,7,20,14,30,0
793925,1626804000,2021,7,20,20,0,0,1626811200,2021,7,20,22,0,0
983559,1626888600,2021,7,21,19,30,0,1626895800,2021,7,21,21,30,0
983559,1626857100,2021,7,21,10,45,0,1626868800,2021,7,21,14,0,0
983559,1626872400,2021,7,21,15,0,0,1626879600,2021,7,21,17,0,0
896996,1626791400,2021,7,20,16,30,0,1626804000,2021,7,20,20,0,0
864204,1626795000,2021,7,20,17,30,0,1626811200,2021,7,20,22,0,0
992690,1626880500,2021,7,21,17,15,0,1626887700,2021,7,21,19,15,0
857458,1627720200,2021,7,31,10,30,0,1627763400,2021,7,31,22,30,0
894160,1627617600,2021,7,30,6,0,0,1627675200,2021,7,30,22,0,0
919899,1627285500,2021,7,26,9,45,0,1627326000,2021,7,26,21,0,0
919899,1627371900,2021,7,27,9,45,0,1627412400,2021,7,27,21,0,0
919899,1627459200,2021,7,28,10,0,0,1627498800,2021,7,28,21,0,0
857458,1627806600,2021,8,1,10,30,0,1627828200,2021,8,1,16,30,0
853000,1627337700,2021,7,27,0,15,0,1627417800,2021,7,27,22,30,0
853000,1627510500,2021,7,29,0,15,0,1627590600,2021,7,29,22,30,0
853000,1627596900,2021,7,30,0,15,0,1627661700,2021,7,30,18,15,0
853000,1627683300,2021,7,31,0,15,0,1627763400,2021,7,31,22,30,0
853000,1627769700,2021,8,1,0,15,0,1627849800,2021,8,1,22,30,0
900493,1627288200,2021,7,26,10,30,0,1627331400,2021,7,26,22,30,0
900493,1627461000,2021,7,28,10,30,0,1627504200,2021,7,28,22,30,0
588788,1627547400,2021,7,29,10,30,0,1627570800,2021,7,29,17,0,0
900493,1627633800,2021,7,30,10,30,0,1627650000,2021,7,30,15,0,0
900493,1627806600,2021,8,1,10,30,0,1627849800,2021,8,1,22,30,0
826572,1627374600,2021,7,27,10,30,0,1627417800,2021,7,27,22,30,0
826572,1627547400,2021,7,29,10,30,0,1627590600,2021,7,29,22,30,0
826572,1627633800,2021,7,30,10,30,0,1627677000,2021,7,30,22,30,0
826572,1627806600,2021,8,1,10,30,0,1627849800,2021,8,1,22,30,0
826572,1627720200,2021,7,31,10,30,0,1627743600,2021,7,31,17,0,0
900493,1627740000,2021,7,31,16,0,0,1627763400,2021,7,31,22,30,0
902484,1627250400,2021,7,26,0,0,0,1627311600,2021,7,26,17,0,0
902484,1627336800,2021,7,27,0,0,0,1627398000,2021,7,27,17,0,0
902484,1627423200,2021,7,28,0,0,0,1627484400,2021,7,28,17,0,0
902484,1627509600,2021,7,29,0,0,0,1627570800,2021,7,29,17,0,0
902484,1627596000,2021,7,30,0,0,0,1627657200,2021,7,30,17,0,0
902484,1627682400,2021,7,31,0,0,0,1627722000,2021,7,31,11,0,0
902484,1627768800,2021,8,1,0,0,0,1627808400,2021,8,1,11,0,0
983942,1627471800,2021,7,28,13,30,0,1627508700,2021,7,28,23,45,0
983942,1627558200,2021,7,29,13,30,0,1627595100,2021,7,29,23,45,0
983942,1627644600,2021,7,30,13,30,0,1627681500,2021,7,30,23,45,0
983942,1627731000,2021,7,31,13,30,0,1627767900,2021,7,31,23,45,0
857458,1627288200,2021,7,26,10,30,0,1627304400,2021,7,26,15,0,0
609242,1627286400,2021,7,26,10,0,0,1627304400,2021,7,26,15,0,0
609242,1627372800,2021,7,27,10,0,0,1627414200,2021,7,27,21,30,0
609242,1627459200,2021,7,28,10,0,0,1627500600,2021,7,28,21,30,0
609242,1627632000,2021,7,30,10,0,0,1627651800,2021,7,30,15,30,0
609242,1627718400,2021,7,31,10,0,0,1627738200,2021,7,31,15,30,0
609242,1627545600,2021,7,29,10,0,0,1627567200,2021,7,29,16,0,0
609242,1627804800,2021,8,1,10,0,0,1627848900,2021,8,1,22,15,0
588786,1627374600,2021,7,27,10,30,0,1627389000,2021,7,27,14,30,0
588786,1627461000,2021,7,28,10,30,0,1627475400,2021,7,28,14,30,0
588786,1627547400,2021,7,29,10,30,0,1627561800,2021,7,29,14,30,0
588786,1627633800,2021,7,30,10,30,0,1627648200,2021,7,30,14,30,0
828264,1627251300,2021,7,26,0,15,0,1627335900,2021,7,26,23,45,0
828264,1627337700,2021,7,27,0,15,0,1627422300,2021,7,27,23,45,0
828264,1627424100,2021,7,28,0,15,0,1627508700,2021,7,28,23,45,0
828264,1627510500,2021,7,29,0,15,0,1627595100,2021,7,29,23,45,0
828264,1627596900,2021,7,30,0,15,0,1627681500,2021,7,30,23,45,0
828264,1627683300,2021,7,31,0,15,0,1627767900,2021,7,31,23,45,0
828264,1627769700,2021,8,1,0,15,0,1627854300,2021,8,1,23,45,0
528741,1627286400,2021,7,26,10,0,0,1627310700,2021,7,26,16,45,0
528741,1627372800,2021,7,27,10,0,0,1627397100,2021,7,27,16,45,0
528741,1627459200,2021,7,28,10,0,0,1627482600,2021,7,28,16,30,0
528741,1627545600,2021,7,29,10,0,0,1627569900,2021,7,29,16,45,0
528741,1627632000,2021,7,30,10,0,0,1627657200,2021,7,30,17,0,0
528741,1627718400,2021,7,31,10,0,0,1627761600,2021,7,31,22,0,0
528741,1627804800,2021,8,1,10,0,0,1627848000,2021,8,1,22,0,0
529775,1627374600,2021,7,27,10,30,0,1627399800,2021,7,27,17,30,0
529775,1627461000,2021,7,28,10,30,0,1627486200,2021,7,28,17,30,0
529775,1627547400,2021,7,29,10,30,0,1627572600,2021,7,29,17,30,0
529775,1627412400,2021,7,27,21,0,0,1627417800,2021,7,27,22,30,0
529775,1627498800,2021,7,28,21,0,0,1627504200,2021,7,28,22,30,0
529775,1627585200,2021,7,29,21,0,0,1627590600,2021,7,29,22,30,0
529775,1627758000,2021,7,31,21,0,0,1627763400,2021,7,31,22,30,0
529775,1627844400,2021,8,1,21,0,0,1627849800,2021,8,1,22,30,0
529775,1627720200,2021,7,31,10,30,0,1627745400,2021,7,31,17,30,0
529775,1627819200,2021,8,1,14,0,0,1627833600,2021,8,1,18,0,0
529775,1627288200,2021,7,26,10,30,0,1627313400,2021,7,26,17,30,0
529775,1627633800,2021,7,30,10,30,0,1627659000,2021,7,30,17,30,0
529775,1627326000,2021,7,26,21,0,0,1627331400,2021,7,26,22,30,0
529775,1627659000,2021,7,30,17,30,0,1627671600,2021,7,30,21,0,0
793925,1627303500,2021,7,26,14,45,0,1627329600,2021,7,26,22,0,0
793925,1627649100,2021,7,30,14,45,0,1627675200,2021,7,30,22,0,0
793925,1627720200,2021,7,31,10,30,0,1627761600,2021,7,31,22,0,0
588786,1627288200,2021,7,26,10,30,0,1627331400,2021,7,26,22,30,0
824420,1627311600,2021,7,26,17,0,0,1627331400,2021,7,26,22,30,0
824420,1627398000,2021,7,27,17,0,0,1627417800,2021,7,27,22,30,0
824420,1627484400,2021,7,28,17,0,0,1627504200,2021,7,28,22,30,0
824420,1627570800,2021,7,29,17,0,0,1627588800,2021,7,29,22,0,0
824420,1627657200,2021,7,30,17,0,0,1627675200,2021,7,30,22,0,0
824420,1627743600,2021,7,31,17,0,0,1627761600,2021,7,31,22,0,0
983559,1627251300,2021,7,26,0,15,0,1627290000,2021,7,26,11,0,0
983559,1627306200,2021,7,26,15,30,0,1627313400,2021,7,26,17,30,0
983559,1627332300,2021,7,26,22,45,0,1627336800,2021,7,27,0,0,0
983559,1627337700,2021,7,27,0,15,0,1627376400,2021,7,27,11,0,0
983559,1627393500,2021,7,27,15,45,0,1627400700,2021,7,27,17,45,0
983559,1627418700,2021,7,27,22,45,0,1627423200,2021,7,28,0,0,0
983559,1627424100,2021,7,28,0,15,0,1627462800,2021,7,28,11,0,0
983559,1627479900,2021,7,28,15,45,0,1627487100,2021,7,28,17,45,0
983559,1627505100,2021,7,28,22,45,0,1627512300,2021,7,29,0,45,0
919899,1627542900,2021,7,29,9,15,0,1627585200,2021,7,29,21,0,0
919899,1627630200,2021,7,30,9,30,0,1627669800,2021,7,30,20,30,0
919899,1627716600,2021,7,31,9,30,0,1627756200,2021,7,31,20,30,0
588788,1627286400,2021,7,26,10,0,0,1627304400,2021,7,26,15,0,0
588788,1627372800,2021,7,27,10,0,0,1627390800,2021,7,27,15,0,0
588788,1627459200,2021,7,28,10,0,0,1627477200,2021,7,28,15,0,0
588788,1627632000,2021,7,30,10,0,0,1627655400,2021,7,30,16,30,0
612034,1627286400,2021,7,26,10,0,0,1627306200,2021,7,26,15,30,0
612034,1627372800,2021,7,27,10,0,0,1627392600,2021,7,27,15,30,0
612034,1627459200,2021,7,28,10,0,0,1627479000,2021,7,28,15,30,0
612034,1627545600,2021,7,29,10,0,0,1627565400,2021,7,29,15,30,0
612034,1627632000,2021,7,30,10,0,0,1627651800,2021,7,30,15,30,0
612034,1627718400,2021,7,31,10,0,0,1627761600,2021,7,31,22,0,0
612034,1627804800,2021,8,1,10,0,0,1627848000,2021,8,1,22,0,0
864204,1627251300,2021,7,26,0,15,0,1627315200,2021,7,26,18,0,0
864204,1627329600,2021,7,26,22,0,0,1627336800,2021,7,27,0,0,0
864204,1627337700,2021,7,27,0,15,0,1627422300,2021,7,27,23,45,0
864204,1627423200,2021,7,28,0,0,0,1627488000,2021,7,28,18,0,0
864204,1627502400,2021,7,28,22,0,0,1627507800,2021,7,28,23,30,0
864204,1627509600,2021,7,29,0,0,0,1627595100,2021,7,29,23,45,0
864204,1627596900,2021,7,30,0,15,0,1627635600,2021,7,30,11,0,0
864204,1627648200,2021,7,30,14,30,0,1627681500,2021,7,30,23,45,0
864204,1627683300,2021,7,31,0,15,0,1627767900,2021,7,31,23,45,0
864204,1627769700,2021,8,1,0,15,0,1627833600,2021,8,1,18,0,0
864204,1627844400,2021,8,1,21,0,0,1627851600,2021,8,1,23,0,0
983559,1627567200,2021,7,29,16,0,0,1627570800,2021,7,29,17,0,0
850620,1627250400,2021,7,26,0,0,0,1627335900,2021,7,26,23,45,0
850620,1627336800,2021,7,27,0,0,0,1627422300,2021,7,27,23,45,0
850620,1627768800,2021,8,1,0,0,0,1627854300,2021,8,1,23,45,0
850620,1627423200,2021,7,28,0,0,0,1627481700,2021,7,28,16,15,0
850620,1627509600,2021,7,29,0,0,0,1627568100,2021,7,29,16,15,0
850620,1627596000,2021,7,30,0,0,0,1627654500,2021,7,30,16,15,0
850620,1627495200,2021,7,28,20,0,0,1627508700,2021,7,28,23,45,0
850620,1627581600,2021,7,29,20,0,0,1627595100,2021,7,29,23,45,0
850620,1627668000,2021,7,30,20,0,0,1627681500,2021,7,30,23,45,0
850620,1627731000,2021,7,31,13,30,0,1627767900,2021,7,31,23,45,0